Date,ID Référence produit,Quantité,ID Magasin
2026-01-10,REF048,10,3
2025-06-10,REF018,8,14
2026-01-24,REF044,9,5
2025-07-30,REF048,9,8
2025-09-30,REF018,6,1
2026-02-26,REF004,5,12
2025-09-15,REF046,5,16
2026-05-16,REF010,6,19
2026-01-17,REF043,8,8
2025-11-03,REF043,8,6
2025-05-22,REF001,10,3
2026-05-17,REF042,9,9
2025-09-29,REF042,10,15
2025-12-14,REF001,2,6
2025-06-12,REF025,9,6
2025-10-05,REF029,1,15
2026-02-23,REF018,8,13
2025-06-06,REF034,7,13
2026-03-24,REF016,10,3
2025-09-01,REF018,4,19
2025-09-30,REF016,6,15
2025-12-03,REF047,7,19
2025-07-04,REF018,4,19
2026-01-19,REF003,9,16
2025-05-28,REF022,1,16
2025-07-16,REF038,6,2
2025-08-03,REF018,6,12
2025-07-01,REF034,4,18
2025-12-24,REF020,4,4
2025-05-26,REF036,2,13
2025-10-26,REF048,5,3
2025-07-08,REF007,5,15
2025-09-25,REF009,9,9
2026-03-14,REF011,9,12
2025-10-03,REF027,6,16
2025-10-24,REF022,1,18
2026-01-16,REF014,8,10
2025-09-30,REF028,4,15
2026-01-13,REF031,5,9
2025-12-01,REF010,8,16
2026-05-14,REF021,4,11
2025-09-05,REF024,4,13
2025-08-20,REF043,9,12
2025-06-05,REF020,4,17
2026-01-01,REF019,2,17
2026-05-19,REF015,9,8
2025-10-26,REF013,6,17
2026-01-22,REF015,9,16
2025-08-24,REF049,6,5
2026-02-17,REF002,3,8
2026-01-21,REF033,9,14
2026-01-25,REF040,10,14
2025-09-11,REF011,6,2
2025-07-27,REF034,1,5
2025-10-29,REF027,1,10
2026-02-28,REF032,8,14
2025-12-10,REF043,7,2
2025-08-08,REF004,4,9
2025-11-24,REF018,7,17
2025-06-16,REF032,3,20
2025-08-05,REF029,7,20
2025-08-23,REF049,5,14
2025-10-20,REF021,3,7
2026-03-03,REF048,8,7
2025-11-21,REF004,1,4
2026-03-12,REF008,8,1
2026-01-16,REF031,7,10
2026-04-25,REF016,4,11
2025-05-30,REF003,4,19
2026-03-23,REF028,5,5
2026-02-10,REF046,9,19
2025-06-24,REF019,8,15
2025-05-22,REF033,1,20
2026-05-01,REF012,9,9
2025-10-13,REF010,10,15
2025-08-11,REF040,4,14
2025-06-19,REF006,3,18
2026-02-02,REF050,1,15
2026-02-24,REF003,2,18
2025-11-04,REF013,5,19
2026-04-07,REF009,7,10
2025-08-03,REF010,10,1
2026-02-28,REF042,3,20
2025-06-05,REF029,5,12
2026-04-10,REF011,10,1
2026-02-01,REF004,7,6
2025-06-08,REF013,10,18
2025-12-20,REF015,7,1
2025-11-02,REF030,1,10
2026-02-19,REF009,10,14
2025-07-28,REF048,9,3
2026-04-02,REF030,1,5
2025-05-23,REF049,2,5
2025-11-28,REF050,10,16
2025-10-29,REF029,5,19
2025-05-31,REF011,5,6
2025-07-02,REF026,7,11
2026-05-05,REF025,8,15
2026-02-26,REF043,5,16
2025-05-27,REF039,1,19
2026-04-21,REF038,2,7
2025-05-20,REF018,4,6
2026-04-08,REF032,4,7
2025-11-10,REF034,4,18
2025-11-03,REF016,2,13
2026-01-07,REF044,1,7
2026-04-05,REF004,5,10
2026-03-21,REF010,2,19
2025-11-17,REF050,1,17
2026-02-03,REF023,7,3
2025-08-30,REF044,3,5
2026-01-22,REF018,7,9
2026-01-04,REF020,2,1
2025-07-08,REF046,6,2
2026-01-31,REF004,1,17
2025-06-25,REF004,4,1
2025-10-18,REF006,7,12
2025-07-01,REF017,7,10
2026-03-06,REF024,8,19
2025-10-10,REF028,9,19
2026-01-03,REF013,8,19
2025-06-27,REF004,10,16
2025-09-16,REF026,4,18
2025-08-08,REF038,7,2
2026-01-10,REF015,3,13
2025-10-05,REF001,2,12
2025-10-08,REF042,5,18
2025-12-31,REF003,10,13
2025-07-22,REF016,6,8
2025-09-30,REF038,9,12
2025-07-31,REF037,3,14
2026-04-20,REF022,4,18
2025-10-08,REF031,6,19
2025-08-29,REF028,6,10
2025-10-20,REF032,8,15
2026-02-23,REF011,3,18
2025-05-26,REF050,7,17
2025-11-04,REF011,4,15
2026-01-03,REF003,5,16
2025-06-11,REF021,9,17
2025-10-07,REF030,5,4
2025-07-27,REF047,1,19
2025-09-10,REF025,8,9
2026-01-26,REF036,2,1
2025-12-19,REF019,2,18
2025-06-25,REF029,1,7
2025-08-13,REF017,2,9
2026-04-17,REF003,9,14
2025-08-24,REF018,4,2
2025-08-11,REF006,3,10
2026-01-01,REF024,5,19
2026-02-08,REF014,10,7
2026-01-23,REF040,5,19
2026-02-27,REF016,3,12
2025-10-09,REF049,3,9
2025-07-16,REF010,9,9
2026-03-27,REF010,10,12
2025-11-17,REF035,5,9
2025-08-12,REF012,4,11
2025-06-24,REF019,4,4
2025-07-11,REF029,10,9
2025-07-03,REF033,5,18
2026-02-25,REF019,7,8
2025-08-28,REF016,8,6
2025-07-02,REF041,5,8
2025-05-26,REF024,1,6
2025-06-26,REF045,5,6
2025-12-02,REF001,7,3
2026-03-29,REF039,2,6
2025-08-05,REF004,6,15
2026-04-06,REF031,6,2
2025-10-25,REF001,5,2
2025-07-21,REF034,2,8
2026-05-18,REF042,8,3
2025-08-24,REF040,5,11
2026-03-02,REF012,10,14
2025-12-10,REF020,10,3
2025-06-02,REF020,6,9
2025-12-29,REF046,3,17
2025-08-21,REF015,8,18
2025-09-12,REF039,1,9
2025-07-23,REF032,5,20
2025-10-29,REF021,7,2
2025-11-20,REF003,4,16
2025-11-19,REF050,4,9
2026-03-03,REF010,2,12
2026-01-05,REF047,9,9
2025-06-28,REF045,1,4
2025-06-14,REF042,8,8
2025-11-19,REF025,9,10
2026-04-02,REF034,7,19
2026-05-18,REF013,9,16
2025-09-16,REF039,9,6
2026-05-19,REF004,5,8
2025-06-25,REF021,8,2
2025-06-05,REF002,6,7
2025-10-07,REF038,4,5
2025-06-29,REF024,6,14
2026-05-13,REF008,5,17
2025-05-25,REF019,10,17
2026-02-26,REF009,2,7
2025-08-30,REF050,4,2
2025-06-22,REF037,7,19
2026-05-17,REF045,3,6
2025-09-06,REF007,4,19
2026-04-06,REF040,5,20
2025-07-04,REF001,8,8
2025-10-28,REF001,7,10
2025-05-30,REF027,1,14
2025-11-10,REF021,10,3
2026-03-20,REF047,7,10
2025-08-22,REF003,3,12
2025-10-02,REF021,5,8
2026-03-15,REF043,9,6
2026-02-24,REF046,1,15
2026-03-30,REF022,1,15
2025-08-22,REF030,3,3
2025-11-26,REF016,5,19
2026-02-28,REF035,10,20
2025-11-14,REF008,5,2
2025-11-21,REF005,10,16
2026-04-02,REF022,5,3
2026-03-22,REF021,3,16
2025-10-11,REF015,5,12
2026-01-01,REF012,10,5
2025-10-14,REF007,8,7
2025-10-01,REF017,10,12
2025-06-09,REF048,8,4
2025-05-25,REF020,3,2
2026-01-01,REF045,9,3
2025-11-14,REF032,9,15
2025-10-27,REF036,6,3
2025-09-10,REF007,9,6
2025-10-20,REF028,10,19
2026-05-04,REF028,4,4
2025-09-29,REF047,9,15
2025-09-04,REF027,5,17
2025-12-18,REF039,3,10
2025-09-30,REF004,3,15
2025-06-14,REF019,6,4
2025-08-11,REF034,6,15
2025-07-07,REF014,2,7
2025-08-26,REF033,8,17
2025-08-04,REF027,10,3
2026-01-24,REF021,4,19
2025-12-15,REF026,5,11
2025-12-16,REF006,2,20
2025-08-16,REF029,2,12
2025-10-31,REF007,5,20
2026-04-02,REF025,8,17
2025-11-25,REF036,4,19
2026-01-22,REF016,5,8
2025-11-22,REF034,1,17
2025-11-10,REF031,1,20
2025-07-29,REF026,9,15
2026-02-05,REF022,6,2
2026-01-02,REF011,4,11
2026-05-08,REF033,5,10
2025-07-23,REF016,8,19
2025-12-10,REF030,5,18
2026-03-10,REF005,8,2
2025-06-12,REF018,2,1
2026-03-10,REF042,2,5
2025-08-13,REF009,9,16
2025-11-29,REF044,7,7
2025-06-14,REF004,9,9
2026-01-23,REF027,3,15
2025-07-26,REF038,2,17
2025-09-22,REF020,5,2
2025-09-09,REF020,7,17
2026-03-26,REF035,10,1
2025-12-20,REF006,6,7
2026-05-05,REF014,10,20
2025-11-26,REF037,2,16
2026-01-21,REF026,8,16
2026-05-10,REF049,10,2
2026-05-05,REF018,9,9
2026-01-27,REF033,4,10
2025-12-01,REF044,10,11
2026-02-04,REF008,9,13
2025-10-02,REF021,8,9
2025-12-26,REF003,7,14
2025-08-13,REF050,4,2
2026-04-10,REF034,9,1
2025-08-18,REF029,9,3
2026-02-12,REF020,8,8
2025-10-07,REF040,6,12
2025-11-14,REF040,1,9
2025-05-20,REF011,10,20
2025-06-30,REF048,5,11
2026-04-03,REF022,5,14
2026-05-05,REF028,8,6
2026-02-09,REF007,7,2
2026-04-25,REF030,5,7
2026-02-19,REF012,2,7
2025-09-21,REF019,2,9
2025-05-30,REF036,6,6
2026-05-16,REF036,1,5
2025-12-05,REF016,5,18
2025-05-28,REF007,6,16
2025-10-14,REF010,4,19
2025-07-29,REF001,10,6
2026-03-04,REF004,10,15
2025-07-31,REF026,7,16
2025-09-27,REF024,9,8
2025-05-21,REF005,4,12
2026-05-11,REF026,3,11
2025-06-16,REF017,10,20
2026-01-27,REF030,10,18
2026-01-18,REF035,2,4
2026-03-03,REF029,6,3
2025-07-19,REF041,4,15
2025-11-04,REF025,3,9
2025-11-23,REF010,10,7
2025-10-16,REF024,9,8
2025-12-25,REF043,10,14
2025-07-23,REF008,6,16
2025-06-07,REF048,2,9
2025-11-27,REF023,4,15
2025-05-19,REF033,4,7
2026-03-24,REF025,2,18
2026-02-10,REF036,3,8
2025-07-31,REF048,10,3
2025-12-22,REF027,5,2
2026-03-03,REF023,8,12
2025-11-28,REF042,7,3
2025-05-29,REF044,5,12
2025-07-20,REF015,1,5
2026-04-28,REF032,7,18
2025-07-30,REF004,3,17
2026-04-08,REF046,8,5
2025-07-01,REF010,3,3
2026-02-15,REF040,10,18
2026-05-14,REF001,3,13
2026-03-01,REF010,6,4
2026-03-04,REF017,8,9
2025-06-14,REF045,10,5
2026-03-17,REF026,9,17
2026-05-19,REF025,6,12
2025-11-24,REF006,2,19
2025-08-01,REF030,5,8
2025-09-11,REF041,3,11
2025-06-04,REF041,3,3
2025-08-18,REF016,6,16
2025-11-23,REF019,2,16
2025-08-09,REF020,6,20
2025-12-20,REF001,8,10
2026-03-15,REF004,8,9
2026-04-18,REF015,7,2
2025-07-15,REF007,9,10
2026-04-26,REF016,3,5
2025-07-08,REF038,2,16
2025-06-01,REF022,8,2
2025-10-30,REF047,7,18
2026-04-07,REF021,1,18
2025-10-08,REF048,8,19
2025-05-21,REF039,10,15
2026-02-01,REF039,3,2
2025-07-23,REF026,1,4
2025-05-24,REF046,2,20
2026-03-21,REF030,2,14
2025-11-01,REF010,2,19
2025-11-06,REF046,9,13
2025-09-18,REF029,5,1
2025-07-14,REF049,9,5
2025-12-20,REF036,7,7
2026-02-15,REF005,2,5
2026-02-20,REF042,3,14
2026-04-20,REF026,10,19
2025-07-07,REF041,1,20
2025-06-01,REF001,2,16
2026-03-31,REF029,6,13
2026-04-02,REF023,7,10
2025-12-06,REF040,4,19
2026-01-28,REF001,8,3
2026-03-09,REF025,2,6
2026-01-30,REF050,4,14
2025-10-29,REF003,6,13
2025-11-13,REF004,3,12
2025-12-18,REF018,7,10
2025-12-16,REF023,9,10
2025-11-10,REF043,7,14
2026-04-11,REF006,6,16
2025-12-26,REF030,1,15
2026-03-20,REF018,3,20
2026-01-09,REF009,2,15
2025-07-18,REF035,3,6
2025-11-27,REF044,3,1
2025-08-22,REF007,10,8
2026-01-16,REF035,1,18
2025-07-03,REF037,3,14
2025-11-09,REF006,1,15
2026-05-06,REF018,9,17
2026-03-08,REF036,6,7
2026-03-29,REF050,1,12
2026-03-12,REF012,10,7
2025-07-04,REF023,9,14
2025-12-27,REF040,6,8
2025-08-24,REF026,2,2
2026-02-26,REF020,1,3
2025-07-05,REF023,8,5
2025-10-15,REF028,1,4
2026-01-23,REF032,2,6
2025-06-22,REF025,7,12
2026-03-31,REF035,4,1
2026-04-29,REF002,6,1
2026-05-11,REF050,8,16
2026-02-11,REF021,7,16
2026-03-01,REF044,10,9
2025-09-02,REF035,10,13
2025-07-18,REF014,3,19
2025-11-07,REF034,7,12
2025-12-26,REF036,3,14
2026-04-02,REF017,6,9
2025-12-05,REF039,1,17
2026-01-29,REF021,4,17
2025-10-13,REF036,6,10
2025-12-27,REF039,8,19
2025-08-18,REF047,1,14
2026-01-30,REF035,2,19
2025-06-30,REF023,4,9
2025-06-30,REF036,2,8
2025-06-21,REF002,10,5
2025-05-26,REF041,2,19
2025-10-10,REF039,9,10
2025-11-08,REF008,3,19
2025-10-28,REF029,7,8
2026-01-23,REF025,8,11
2026-01-09,REF001,4,13
2025-10-07,REF016,2,17
2025-10-20,REF044,3,9
2025-06-11,REF004,4,5
2025-09-16,REF026,9,8
2026-02-04,REF018,2,6
2025-11-06,REF047,3,3
2026-02-03,REF024,8,12
2025-11-19,REF047,2,11
2025-12-17,REF001,2,12
2026-01-17,REF018,10,3
2026-02-17,REF013,9,13
2026-03-01,REF004,10,10
2025-07-10,REF046,8,2
2026-01-29,REF003,3,3
2025-09-26,REF049,5,1
2025-11-07,REF005,8,19
2025-05-22,REF045,5,7
2025-11-25,REF013,1,7
2025-06-26,REF014,4,18
2025-10-31,REF045,10,13
2025-12-27,REF017,1,7
2025-11-23,REF001,6,5
2026-03-08,REF027,1,18
2025-09-23,REF014,9,6
2025-09-09,REF040,7,19
2026-03-09,REF042,3,12
2025-09-09,REF022,4,10
2025-06-02,REF040,6,14
2025-09-22,REF023,5,3
2025-12-18,REF045,9,15
2025-11-18,REF043,7,9
2026-04-12,REF041,4,11
2025-11-28,REF015,3,19
2025-11-19,REF048,9,6
2025-07-14,REF010,8,20
2025-07-30,REF028,1,1
2026-03-09,REF029,2,6
2025-08-14,REF042,7,18
2025-05-25,REF033,4,15
2025-10-26,REF003,8,5
2025-12-30,REF042,9,18
2026-05-09,REF025,10,3
2025-11-24,REF043,5,1
2026-01-16,REF039,10,9
2026-03-20,REF005,2,10
2025-08-01,REF020,5,18
2025-11-25,REF001,2,9
2025-12-30,REF024,10,16
2026-01-29,REF024,2,5
2025-12-09,REF046,10,7
2025-12-06,REF006,5,9
2026-05-18,REF002,3,3
2025-09-16,REF009,6,16
2025-11-07,REF011,9,20
2026-03-30,REF037,2,11
2025-09-20,REF014,5,13
2025-08-04,REF022,9,17
2025-08-02,REF046,2,12
2025-12-29,REF007,2,19
2025-06-13,REF013,6,14
2026-01-20,REF010,1,5
2026-04-04,REF015,3,15
2025-09-16,REF035,5,19
2026-01-15,REF031,4,4
2026-02-22,REF045,4,13
2025-06-26,REF047,4,5
2025-09-03,REF019,9,6
2025-06-10,REF031,6,12
2025-07-03,REF049,10,17
2025-12-01,REF046,10,16
2025-06-14,REF032,8,10
2026-02-16,REF045,3,1
2025-05-30,REF021,10,1
2025-11-27,REF026,5,14
2026-05-01,REF047,5,7
2026-01-14,REF033,9,18
2025-12-07,REF049,3,16
2026-05-13,REF038,9,17
2026-05-14,REF018,3,17
2026-03-25,REF006,1,14
2026-05-02,REF044,1,18
2026-03-08,REF039,4,7
2026-02-13,REF022,5,9
2025-10-28,REF016,7,7
2025-08-20,REF015,6,1
2026-03-17,REF037,4,1
2025-11-14,REF037,3,2
2026-04-18,REF022,2,14
2025-08-28,REF034,3,20
2025-06-28,REF044,9,3
2026-04-30,REF035,7,2
2026-05-19,REF012,6,17
2026-02-07,REF005,7,5
2025-06-01,REF037,1,20
2025-11-07,REF007,2,15
2026-05-10,REF012,3,17
2025-09-26,REF037,9,6
2026-03-15,REF010,2,12
2025-07-07,REF039,10,13
2025-11-10,REF007,9,3
2025-07-04,REF004,9,20
2025-09-17,REF006,8,6
2026-03-13,REF004,10,11
2025-11-25,REF033,5,14
2026-04-17,REF046,1,1
2026-04-10,REF042,1,4
2026-05-01,REF029,9,11
2025-10-23,REF003,10,5
2025-10-11,REF015,10,11
2026-01-01,REF037,2,1
2025-08-03,REF011,4,2
2025-09-12,REF027,5,5
2026-03-24,REF019,6,10
2025-12-27,REF012,7,14
2025-09-16,REF029,10,9
2025-11-16,REF047,3,14
2025-10-18,REF010,10,19
2025-12-10,REF016,3,16
2025-10-16,REF049,10,20
2026-01-22,REF008,3,6
2025-07-10,REF007,3,15
2026-03-16,REF039,2,5
2025-06-09,REF050,4,8
2025-10-24,REF045,9,15
2025-09-09,REF030,8,11
2025-07-23,REF027,2,3
2026-05-10,REF043,1,12
2025-07-13,REF042,10,9
2025-11-19,REF037,9,13
2025-10-29,REF045,6,2
2025-10-29,REF031,7,8
2026-01-26,REF040,6,16
2026-02-28,REF038,2,18
2025-05-28,REF005,6,7
2025-08-17,REF029,10,13
2026-02-19,REF016,4,7
2026-02-15,REF050,7,1
2025-10-16,REF033,6,16
2025-06-07,REF030,6,13
2025-10-28,REF026,9,10
2025-09-09,REF010,5,6
2025-12-25,REF009,7,16
2026-03-29,REF035,7,11
2026-02-26,REF022,8,14
2025-09-01,REF036,2,4
2025-10-17,REF023,9,8
2026-02-17,REF031,3,16
2025-07-25,REF012,7,7
2025-07-11,REF035,1,1
2026-01-19,REF030,4,4
2025-09-15,REF044,2,2
2025-09-07,REF016,5,1
2026-01-05,REF016,9,11
2025-10-30,REF004,4,17
2025-08-16,REF035,8,7
2025-10-01,REF012,3,9
2025-05-28,REF017,1,18
2025-09-04,REF027,4,16
2026-02-19,REF042,9,14
2025-11-23,REF025,5,5
2025-09-27,REF014,9,20
2025-05-29,REF045,7,6
2025-08-13,REF026,10,8
2026-05-08,REF019,9,10
2026-01-28,REF025,2,3
2025-12-11,REF028,5,19
2026-03-13,REF048,2,9
2026-01-09,REF012,9,11
2025-09-04,REF033,8,19
2026-01-08,REF016,6,14
2025-09-13,REF030,9,9
2025-05-20,REF027,3,5
2026-02-19,REF029,1,18
2026-04-12,REF022,1,14
2025-07-01,REF024,9,5
2026-05-07,REF005,9,11
2025-12-01,REF036,4,19
2025-06-15,REF008,10,17
2025-05-20,REF039,9,14
2025-05-29,REF050,6,18
2025-08-15,REF039,6,10
2025-06-03,REF050,10,3
2025-06-22,REF043,4,14
2025-12-27,REF035,3,8
2025-06-23,REF020,5,5
2025-10-07,REF041,7,13
2025-08-14,REF025,8,2
2025-09-12,REF049,8,18
2025-07-30,REF042,9,9
2026-05-14,REF045,8,5
2026-01-09,REF016,6,12
2026-04-29,REF009,9,11
2026-01-07,REF029,4,16
2025-09-29,REF019,7,11
2025-11-04,REF032,2,15
2026-02-22,REF047,6,5
2025-11-21,REF049,9,10
2026-04-07,REF048,10,17
2026-03-13,REF035,1,11
2026-01-20,REF001,1,13
2026-05-18,REF006,10,19
2025-05-20,REF009,8,6
2026-01-17,REF049,9,19
2025-08-25,REF038,6,5
2026-01-03,REF032,8,19
2025-11-09,REF035,5,15
2026-03-29,REF030,9,10
2026-01-01,REF046,6,2
2026-01-05,REF047,3,15
2025-11-14,REF018,10,6
2025-12-15,REF048,8,17
2025-10-30,REF018,7,11
2025-12-02,REF006,7,16
2026-04-03,REF004,8,7
2025-10-14,REF023,9,3
2025-11-29,REF042,5,16
2025-11-30,REF009,7,2
2025-11-15,REF023,5,5
2025-10-28,REF031,5,11
2026-03-31,REF039,4,1
2025-12-05,REF018,10,16
2026-04-10,REF043,8,18
2026-03-27,REF043,7,2
2026-03-17,REF006,4,3
2025-12-25,REF045,3,20
2025-06-18,REF007,8,15
2025-12-11,REF020,4,6
2026-03-11,REF031,1,5
2025-05-31,REF049,4,5
2025-10-11,REF014,3,19
2026-01-26,REF026,7,13
2025-08-24,REF015,2,16
2025-12-23,REF002,8,5
2025-09-03,REF008,5,3
2025-10-07,REF018,9,17
2026-01-04,REF017,10,18
2025-12-13,REF013,8,16
2025-09-27,REF009,9,15
2026-05-11,REF015,3,8
2025-10-07,REF021,3,14
2025-07-18,REF026,7,10
2026-02-02,REF008,8,19
2025-11-25,REF023,6,3
2026-02-24,REF050,8,11
2026-02-25,REF035,10,15
2026-01-21,REF028,1,18
2026-03-03,REF013,6,14
2025-07-15,REF032,6,10
2025-05-30,REF041,2,2
2025-06-29,REF045,3,9
2026-02-15,REF029,10,6
2025-12-01,REF050,7,11
2026-04-02,REF049,8,13
2025-11-17,REF044,9,13
2025-11-05,REF019,7,11
2025-08-11,REF012,1,7
2026-01-24,REF042,4,9
2025-07-07,REF041,10,6
2026-01-30,REF004,7,12
2025-11-18,REF034,4,13
2026-03-29,REF045,5,9
2025-11-03,REF019,3,18
2026-01-13,REF050,2,7
2026-03-27,REF008,7,5
2025-11-29,REF043,9,5
2025-05-29,REF009,9,18
2026-03-24,REF025,3,19
2025-08-02,REF027,7,2
2025-09-01,REF010,1,10
2026-04-03,REF041,7,11
2025-10-06,REF036,2,5
2025-12-26,REF011,10,16
2025-09-15,REF049,3,20
2025-09-28,REF031,3,11
2025-09-07,REF022,3,17
2026-02-02,REF040,5,11
2026-04-10,REF001,2,4
2025-12-11,REF045,4,5
2025-11-21,REF021,5,8
2025-09-24,REF037,3,14
2025-09-12,REF019,2,16
2025-07-01,REF026,5,10
2025-10-06,REF021,7,18
2025-06-27,REF016,5,8
2025-09-16,REF016,8,9
2025-05-28,REF015,3,7
2025-11-12,REF007,1,8
2025-11-26,REF041,10,8
2026-04-10,REF050,5,11
2026-01-30,REF023,6,19
2025-08-04,REF048,4,8
2025-12-19,REF017,5,17
2025-07-07,REF009,7,13
2025-09-29,REF030,7,15
2025-10-26,REF047,7,3
2026-01-10,REF026,5,1
2026-04-13,REF036,9,5
2025-09-02,REF023,9,18
2025-05-30,REF008,2,13
2026-01-05,REF040,8,12
2026-05-17,REF025,2,2
2025-09-08,REF045,6,15
2025-07-16,REF040,10,20
2025-06-01,REF013,7,4
2025-08-07,REF001,5,14
2025-11-22,REF019,9,9
2025-12-20,REF021,6,17
2025-06-20,REF043,5,19
2026-04-12,REF018,8,4
2025-12-11,REF001,9,20
2026-03-16,REF022,4,10
2025-12-14,REF044,3,16
2025-09-27,REF031,2,20
2025-09-09,REF032,1,6
2026-04-19,REF020,1,3
2026-03-28,REF008,8,6
2026-01-07,REF014,7,4
2025-10-07,REF044,10,10
2025-10-25,REF032,5,19
2025-10-09,REF023,6,1
2025-08-17,REF002,3,19
2025-07-30,REF023,2,2
2025-05-25,REF039,5,2
2025-12-12,REF046,6,17
2025-06-24,REF046,3,12
2025-12-23,REF024,1,5
2025-08-22,REF012,4,16
2026-03-18,REF033,1,10
2025-07-27,REF044,4,13
2026-04-28,REF009,3,14
2025-06-30,REF022,4,10
2025-11-02,REF020,8,13
2026-02-18,REF013,1,20
2025-10-26,REF029,7,20
2026-04-26,REF044,1,8
2025-11-15,REF038,2,17
2025-08-13,REF020,6,1
2026-05-04,REF043,8,6
2026-04-09,REF015,10,16
2026-01-26,REF023,1,4
2025-11-28,REF027,8,6
2026-03-03,REF011,6,15
2025-08-17,REF049,8,1
2026-02-01,REF020,8,19
2025-06-02,REF026,5,13
2025-06-04,REF013,6,2
2025-11-04,REF006,4,18
2025-09-05,REF008,7,18
2026-03-12,REF013,3,14
2026-05-14,REF022,5,3
2025-06-04,REF020,4,10
2025-07-22,REF014,3,2
2026-05-01,REF035,7,17
2025-09-06,REF012,8,10
2025-12-28,REF007,5,17
2025-10-03,REF048,3,16
2025-07-05,REF013,8,5
2025-09-28,REF016,7,12
2025-05-31,REF017,1,15
2025-12-18,REF040,10,8
2025-09-03,REF032,4,4
2025-11-24,REF030,2,10
2026-02-28,REF005,7,4
2025-12-18,REF021,2,12
2025-09-01,REF030,9,3
2026-03-15,REF025,5,11
2025-10-25,REF038,4,6
2025-09-08,REF016,7,9
2026-03-13,REF007,1,15
2025-10-23,REF006,1,5
2026-01-28,REF015,7,15
2026-05-01,REF005,3,7
2025-08-12,REF036,1,11
2026-05-01,REF048,8,19
2025-10-27,REF025,2,19
2025-08-22,REF022,5,6
2025-07-25,REF025,3,10
2026-05-04,REF001,1,2
2026-02-23,REF004,6,9
2026-04-26,REF014,8,10
2026-03-22,REF044,9,2
2025-12-24,REF014,3,16
2026-02-17,REF050,9,7
2025-12-31,REF027,1,13
2025-07-23,REF021,9,19
2025-06-15,REF026,8,14
2025-10-27,REF046,2,16
2026-04-29,REF016,2,3
2025-07-04,REF020,4,9
2026-01-24,REF015,8,13
2025-12-14,REF012,5,5
2025-12-18,REF014,10,12
2025-10-05,REF028,8,2
2025-07-31,REF033,6,19
2025-06-11,REF044,6,4
2026-01-10,REF026,10,6
2026-01-26,REF018,5,12
2026-02-10,REF042,4,1
2026-02-21,REF027,7,15
2025-10-31,REF027,1,14
2025-11-30,REF027,4,20
2025-07-30,REF004,4,12
2026-04-07,REF042,3,5
2025-05-27,REF032,10,18
2026-04-12,REF022,5,4
2025-06-21,REF002,8,8
2025-12-13,REF009,9,2
2025-11-29,REF009,7,14
2025-06-21,REF047,8,10
2025-11-25,REF045,2,3
2026-04-17,REF008,6,8
2025-12-07,REF027,5,4
2025-10-19,REF007,3,10
2025-11-28,REF003,10,15
2025-09-24,REF008,7,15
2025-11-30,REF001,4,1
2026-02-14,REF043,1,4
2025-11-21,REF001,8,1
2025-07-23,REF003,3,7
2025-09-11,REF006,2,14
2025-10-25,REF034,10,19
2025-12-31,REF048,9,18
2025-11-21,REF005,2,16
2026-03-11,REF016,8,2
2025-07-11,REF022,1,4
2025-08-03,REF019,6,20
2025-09-02,REF046,5,14
2026-04-25,REF009,1,19
2025-06-23,REF028,7,17
2026-01-09,REF045,10,10
2025-09-17,REF048,7,19
2026-03-11,REF030,3,2
2025-11-13,REF041,7,11
2026-03-21,REF030,7,2
2025-08-17,REF048,8,10
2025-07-12,REF015,3,13
2025-12-28,REF027,5,10
2026-04-30,REF008,9,9
2026-04-01,REF011,2,18
2025-06-06,REF005,8,16
2026-05-11,REF006,3,14
2025-11-28,REF048,9,3
2026-02-16,REF017,8,17
2026-05-19,REF050,1,11
2026-02-16,REF005,2,5
2026-03-05,REF036,4,4
2026-03-22,REF037,9,7
2026-04-16,REF034,1,16
2026-01-14,REF020,1,16
2026-04-26,REF049,10,19
2025-09-07,REF025,3,18
2026-01-16,REF011,8,20
2025-08-17,REF035,5,10
2025-11-18,REF005,8,19
2026-01-13,REF018,6,4
2025-06-05,REF005,4,14
2025-11-23,REF008,6,2
2026-03-30,REF004,9,8
2025-10-29,REF030,9,11
2026-05-17,REF023,3,6
2025-12-08,REF043,8,4
2026-02-25,REF008,10,17
2026-02-23,REF035,2,1
2026-04-23,REF022,2,2
2025-08-30,REF012,9,18
2026-01-30,REF018,10,19
2025-10-05,REF014,1,17
2025-11-17,REF045,2,13
2025-06-08,REF017,5,2
2026-01-26,REF014,6,10
2026-04-24,REF034,5,20
2025-06-01,REF031,3,8
2025-09-19,REF026,6,6
2025-07-15,REF022,5,19
2026-01-05,REF046,10,8
2025-06-01,REF003,5,17
2025-09-26,REF038,9,4
2026-01-15,REF015,2,15
2025-06-05,REF045,2,14
2025-08-22,REF033,9,14
2025-06-05,REF031,4,9
2025-10-13,REF013,10,16
2025-12-11,REF041,6,10
2025-07-22,REF038,9,18
2025-06-12,REF048,2,14
2026-04-21,REF024,2,8
2026-04-23,REF001,2,13
2025-10-24,REF031,8,12
2025-08-11,REF022,1,10
2025-11-07,REF037,6,18
2026-03-04,REF013,7,16
2025-05-30,REF006,7,6
2025-12-23,REF026,6,3
2026-04-03,REF003,2,4
2026-01-30,REF019,5,14
2026-03-13,REF026,6,17
2025-07-23,REF010,5,9
2025-07-21,REF036,10,10
2025-11-05,REF040,4,7
2025-07-06,REF038,6,1
2025-06-24,REF027,7,19
2025-09-17,REF033,2,13
2026-04-16,REF020,1,4
2025-08-18,REF047,6,19
2026-05-05,REF021,4,5
2025-08-08,REF020,1,18
2026-04-27,REF035,5,4
2025-08-20,REF002,3,4
2025-12-25,REF022,1,10
2026-02-21,REF013,10,2
2025-08-20,REF024,5,12
2025-06-22,REF043,8,6
2026-01-05,REF020,3,7
2025-12-14,REF037,6,5
2025-12-09,REF043,4,11
2025-08-31,REF017,10,11
2025-10-12,REF018,1,15
2026-03-21,REF025,5,9
2026-02-12,REF006,6,1
2025-08-15,REF031,10,2
2025-08-28,REF039,6,12
2025-09-16,REF025,7,1
2026-03-17,REF001,3,1
2025-07-27,REF036,2,4
2026-03-30,REF019,5,18
2025-06-18,REF025,10,1
2025-09-03,REF019,4,12
2025-08-17,REF031,6,18
2025-10-15,REF048,5,19
2025-06-03,REF016,4,11
2025-08-25,REF018,4,7
2025-08-01,REF044,10,5
2026-04-01,REF002,8,14
2025-12-18,REF006,1,13
2025-10-28,REF024,2,16
2025-12-26,REF024,6,12
2026-01-22,REF034,4,18
2025-09-01,REF035,1,4
2025-11-18,REF040,4,19
2025-12-14,REF012,1,12
2025-07-18,REF007,2,19
2025-09-19,REF041,8,8
2025-09-15,REF009,7,2
2026-01-06,REF012,7,17
2025-06-07,REF035,10,14
2026-03-08,REF046,7,18
2025-10-10,REF029,9,1
2025-07-10,REF011,9,15
2025-06-28,REF003,10,11
2026-03-16,REF030,9,9
2025-09-02,REF001,10,20
2026-05-13,REF042,3,12
2026-02-16,REF018,8,19
2026-05-16,REF048,1,11
2025-10-25,REF013,8,4
2025-10-15,REF019,8,20
2025-08-18,REF037,4,12
2025-12-08,REF016,2,1
2025-09-21,REF010,3,13
2026-04-07,REF010,6,8
2025-09-09,REF031,5,15
2025-10-06,REF031,2,18
2025-06-07,REF033,9,2
2026-01-07,REF008,9,18
2026-01-30,REF025,5,18
2025-10-30,REF013,2,16
2026-03-23,REF003,9,6
2025-10-29,REF004,8,6
2026-01-27,REF032,3,3
2025-08-21,REF049,10,7
2026-01-08,REF043,1,15
2025-07-22,REF015,7,20
2025-12-06,REF029,9,9
2026-02-08,REF049,5,15
2026-02-18,REF008,6,16
2025-06-05,REF026,6,18
2025-07-08,REF010,8,3
2025-10-10,REF012,7,11
2026-01-13,REF004,4,11
2026-01-23,REF007,4,14
2025-12-11,REF046,6,13
2025-12-30,REF024,8,3
2026-04-13,REF039,1,14
2026-04-04,REF045,5,9
2025-09-18,REF003,4,16
2026-01-19,REF029,3,15
2026-03-26,REF007,4,9
2026-01-17,REF022,4,11
2025-10-30,REF044,9,2
2025-12-02,REF047,6,1
2025-12-17,REF015,1,20
2025-12-14,REF036,6,17
2025-10-26,REF016,9,14
2025-06-27,REF041,8,10
2026-03-21,REF018,3,1
2025-11-28,REF032,6,14
2025-11-26,REF029,6,5
2026-04-02,REF014,7,2
2025-07-07,REF004,6,14
2025-07-07,REF012,1,2
2025-09-30,REF041,9,17
2025-07-30,REF037,4,17
2026-04-01,REF039,6,5
2025-09-20,REF032,10,7
2025-08-12,REF030,1,9
2026-03-26,REF049,5,12
2025-09-07,REF046,10,8
2025-09-14,REF005,1,8
2026-05-01,REF044,9,17
2025-07-12,REF025,7,5
2026-02-23,REF012,4,13
2026-04-15,REF028,10,20
2026-02-18,REF029,9,12
2025-12-04,REF024,5,3
2025-09-08,REF008,1,2
2025-06-08,REF012,4,12
2026-05-07,REF037,3,19
2025-07-06,REF045,1,8
2025-10-29,REF023,2,2
2025-11-30,REF008,4,17
2025-11-24,REF038,8,9
2026-02-09,REF037,10,2
2026-03-24,REF046,3,4
2026-04-01,REF023,10,2
2025-08-02,REF003,10,15
2026-03-26,REF017,2,15
2026-04-14,REF009,6,14
2025-12-22,REF027,9,7
2025-10-12,REF016,7,15
2026-05-08,REF028,8,3
2025-06-24,REF040,6,16
2025-09-14,REF031,5,3
2025-12-16,REF042,5,3
2026-05-19,REF043,5,2
2026-01-05,REF010,5,13
2025-06-01,REF025,7,1
2025-12-28,REF005,2,9
2025-06-14,REF017,2,12
2025-12-01,REF035,10,4
2025-09-10,REF025,5,19
2025-09-19,REF033,7,19
2026-04-15,REF010,1,11
2025-10-09,REF047,5,6
2026-05-16,REF022,3,7
2026-01-21,REF041,8,20
2026-02-26,REF047,4,15
2026-04-26,REF040,2,13
2025-07-03,REF031,1,16
2026-01-14,REF022,7,9
2026-03-04,REF003,4,17
2026-05-15,REF037,3,8
2026-01-30,REF044,8,3
2026-03-03,REF036,1,5
2025-06-19,REF048,1,6
2025-11-25,REF010,5,13
2025-08-07,REF020,4,19
2025-07-18,REF023,8,1
2025-06-23,REF037,2,13
2025-08-09,REF046,9,19
2026-01-23,REF041,8,10
2025-12-15,REF003,1,18
2026-05-15,REF024,4,19
2025-09-16,REF024,1,13
2025-08-18,REF034,7,19
2025-05-26,REF014,5,10
2026-01-26,REF010,5,5
2025-07-26,REF043,1,11
2025-08-23,REF011,7,4
2026-01-02,REF015,4,12
2025-10-03,REF038,6,20
2025-06-12,REF020,1,10
2025-07-27,REF005,6,13
2025-11-25,REF035,10,18
2025-12-03,REF021,10,19
2026-01-15,REF024,3,19
2025-12-15,REF048,4,3
2025-06-13,REF020,1,1
2025-09-17,REF016,2,2
2026-04-04,REF005,8,14
2025-06-11,REF038,6,4
2026-05-04,REF002,9,17
2025-09-20,REF029,3,12
2025-08-30,REF019,6,11
2025-09-27,REF041,2,12
2026-05-17,REF003,2,18
2026-04-02,REF004,5,3
2025-06-06,REF034,4,13
2025-12-14,REF004,8,14
2025-11-22,REF043,9,5
2026-02-03,REF013,9,11
2026-01-28,REF020,10,11
2025-07-30,REF036,1,20
2026-05-17,REF011,2,7
2025-06-10,REF019,7,1
2026-02-22,REF021,10,18
2025-06-11,REF047,9,14
2025-08-25,REF035,1,9
2025-09-21,REF034,7,9
2026-03-27,REF031,3,13
2026-02-09,REF028,10,8
2026-02-20,REF012,2,11
2026-02-24,REF017,1,12
2025-07-12,REF029,8,16
2026-01-10,REF040,5,12
2025-12-15,REF025,9,3
2025-06-26,REF024,9,10
2026-05-10,REF046,3,5
2025-10-10,REF043,2,5
2026-04-05,REF049,9,8
2025-11-28,REF038,10,3
2026-03-07,REF033,2,11
2025-06-09,REF035,2,19
2025-12-28,REF045,4,2
2025-09-16,REF001,9,6
2026-03-05,REF012,3,15
2025-11-08,REF004,4,7
2026-05-14,REF026,8,13
2025-11-24,REF017,1,15
2026-05-17,REF050,9,11
2025-05-24,REF010,7,13
2026-02-07,REF008,1,17
2026-04-24,REF037,6,4
2025-07-22,REF029,5,16
2026-05-04,REF049,5,9
2025-10-30,REF014,1,5
2025-09-20,REF019,10,13
2025-12-13,REF040,9,17
2025-09-12,REF025,3,6
2025-08-23,REF039,4,1
2025-06-15,REF020,1,15
2025-09-12,REF031,8,3
2025-07-09,REF048,9,17
2025-06-11,REF050,1,7
2026-02-14,REF011,3,14
2026-04-05,REF030,3,16
2026-04-17,REF046,4,10
2026-05-01,REF009,2,19
2026-04-21,REF040,6,5
2025-06-17,REF013,7,9
2026-05-13,REF010,8,20
2026-03-20,REF043,9,19
2025-12-12,REF031,4,13
2026-05-01,REF040,7,15
2026-02-19,REF037,3,4
2026-03-04,REF038,3,2
2026-01-16,REF046,2,6
2025-09-27,REF005,1,11
2025-11-03,REF022,6,8
2026-02-27,REF050,7,2
2026-03-12,REF007,6,2
2026-04-17,REF025,10,17
2026-01-13,REF018,4,8
2026-04-28,REF018,4,2
2025-08-17,REF043,2,5
2025-12-13,REF035,10,7
2026-05-11,REF019,6,12
2026-03-22,REF015,6,17
2025-06-17,REF038,1,17
2025-12-06,REF031,3,19
2025-08-02,REF025,1,6
2026-04-01,REF018,2,16
2025-08-04,REF024,3,9
2025-06-23,REF024,1,9
2026-01-26,REF037,5,20
2026-05-10,REF011,5,16
2025-08-05,REF004,9,9
2025-11-03,REF011,6,5
2025-09-15,REF007,1,15
2025-09-14,REF025,1,20
2026-03-06,REF040,5,2
2026-04-09,REF024,7,13
2026-04-09,REF005,10,5
2025-12-23,REF046,6,19
2025-06-20,REF047,4,5
2025-12-30,REF035,6,5
2025-07-06,REF026,2,3
2026-04-18,REF029,9,20
2026-01-09,REF024,10,2
2025-09-14,REF018,7,16
2025-07-19,REF038,9,4
2025-06-02,REF014,6,9
2026-03-12,REF042,7,17
2025-10-16,REF050,2,9
2025-08-04,REF022,3,11
2025-07-11,REF049,1,3
2025-10-02,REF031,9,3
2026-03-16,REF041,9,7
2025-12-25,REF015,1,9
2025-11-09,REF037,3,19
2025-06-14,REF003,7,12
2025-07-10,REF023,10,2
2026-05-19,REF049,7,6
2025-08-05,REF050,7,2
2026-04-24,REF021,7,9
2026-05-11,REF026,8,4
2026-01-20,REF019,7,10
2026-01-05,REF042,2,12
2025-09-09,REF010,7,14
2026-01-20,REF016,1,12
2025-11-17,REF021,5,11
2026-02-24,REF032,4,15
2026-02-19,REF040,8,12
2026-05-11,REF027,2,19
2026-03-11,REF008,3,17
2025-06-09,REF040,7,4
2025-08-11,REF010,6,1
2025-11-08,REF016,9,15
2025-07-26,REF034,8,12
2025-05-22,REF004,5,7
2025-11-29,REF042,3,15
2025-06-03,REF002,1,14
2025-07-24,REF027,8,5
2025-12-09,REF039,7,3
2025-10-30,REF025,6,2
2026-01-11,REF003,8,1
2026-04-12,REF022,6,19
2026-03-19,REF006,2,5
2025-10-24,REF033,4,17
2025-08-31,REF028,3,11
2026-03-20,REF002,4,15
2026-05-12,REF008,10,4
2026-03-02,REF049,1,14
2026-01-19,REF028,3,20
2025-10-17,REF031,4,14
2025-11-26,REF040,6,16
2025-09-11,REF018,10,9
2025-10-23,REF015,9,20
2025-12-18,REF017,7,17
2025-06-17,REF012,6,17
2025-08-06,REF019,6,17
2026-02-28,REF016,1,11
2025-06-01,REF020,2,3
2025-09-29,REF042,3,9
2026-03-27,REF038,5,10
2026-02-08,REF012,4,4
2025-12-11,REF013,1,10
2025-12-27,REF005,6,2
2025-11-14,REF008,6,8
2026-04-02,REF005,4,10
2025-07-20,REF027,10,1
2026-03-14,REF012,6,19
2025-06-27,REF012,10,18
2026-04-12,REF033,9,14
2026-03-06,REF034,2,6
2025-10-11,REF029,8,9
2026-01-28,REF038,3,5
2026-02-21,REF026,7,8
2025-12-12,REF030,7,18
2025-12-20,REF044,4,18
2025-09-14,REF002,4,8
2026-02-16,REF027,7,2
2025-10-18,REF030,5,8
2026-01-20,REF035,10,6
2025-10-08,REF025,1,5
2026-02-10,REF033,9,20
2026-04-01,REF009,3,17
2025-09-11,REF005,7,15
2025-08-14,REF031,3,15
2025-12-24,REF016,10,2
2026-01-23,REF003,3,13
2025-08-06,REF024,1,20
2025-09-04,REF010,10,2
2026-05-18,REF037,4,4
2025-10-15,REF014,10,11
2026-03-15,REF029,5,14
2025-12-13,REF006,8,10
2025-07-20,REF032,10,20
2025-10-17,REF023,5,1
2025-12-23,REF004,7,20
2026-05-17,REF049,6,17
2026-02-19,REF046,8,16
2025-10-26,REF021,7,19
2025-08-11,REF004,10,12
2025-07-10,REF049,5,8
2026-03-22,REF044,8,19
2026-04-27,REF037,1,20
2025-09-05,REF031,3,4
2025-09-22,REF022,8,5
2025-11-17,REF009,4,8
2025-12-27,REF011,5,17
2025-08-07,REF014,6,19
2025-11-21,REF043,8,5
2026-04-04,REF048,10,4
2026-03-04,REF033,10,5
2025-07-18,REF045,4,8
2025-12-16,REF029,3,12
2025-10-09,REF015,10,4
2025-12-01,REF025,9,9
2026-04-04,REF031,1,4
2025-12-26,REF005,10,9
2026-02-24,REF011,4,9
2025-10-24,REF040,3,7
2025-12-02,REF020,9,1
2025-06-04,REF032,7,3
2025-12-16,REF015,3,19
2025-06-07,REF012,8,10
2026-01-13,REF038,1,11
2026-03-02,REF048,7,13
2025-08-23,REF014,9,19
2025-09-29,REF015,10,10
2026-03-19,REF009,4,17
2026-03-31,REF012,10,2
2025-11-20,REF009,7,1
2025-12-15,REF009,7,5
2026-03-22,REF048,8,3
2025-11-04,REF004,2,6
2026-04-02,REF002,7,20
2025-11-07,REF017,6,2
2025-07-05,REF004,8,15
2025-08-11,REF011,2,20
2025-09-26,REF049,10,2
2025-09-17,REF012,3,9
2025-06-30,REF030,1,5
2026-05-11,REF026,6,1
2025-11-15,REF046,9,15
2026-03-07,REF006,9,1
2026-02-25,REF024,8,12
2025-09-28,REF039,9,8
2026-05-09,REF013,2,17
2026-03-07,REF013,9,18
2025-08-19,REF025,8,1
2025-08-02,REF026,9,10
2026-04-03,REF018,4,15
2026-05-10,REF043,8,12
2025-09-29,REF019,7,9
2026-03-21,REF015,3,10
2025-06-14,REF011,5,4
2025-06-26,REF042,6,20
2026-03-25,REF034,10,15
2025-12-30,REF038,7,2
2026-04-05,REF037,6,6
2025-07-18,REF044,3,7
2026-04-11,REF044,3,9
2025-08-28,REF042,4,6
2026-02-17,REF008,8,12
2026-05-05,REF007,9,8
2025-05-24,REF031,6,18
2025-06-12,REF005,10,16
2025-07-15,REF050,9,13
2025-12-06,REF030,4,19
2025-11-14,REF039,7,15
2026-04-30,REF028,2,10
2025-08-28,REF039,3,8
2025-06-20,REF039,6,18
2025-11-20,REF028,8,8
2025-05-25,REF042,3,10
2025-11-01,REF034,7,17
2025-12-01,REF024,1,1
2026-01-16,REF025,6,9
2025-10-24,REF031,10,8
2025-08-31,REF038,8,17
2025-07-10,REF015,5,5
2025-11-30,REF043,10,20
2025-05-20,REF046,4,10
2026-03-24,REF005,7,10
2025-07-03,REF020,2,11
2025-09-09,REF036,4,13
2025-11-25,REF048,8,16
2026-01-06,REF038,10,8
2025-07-09,REF034,3,12
2025-06-03,REF046,7,5
2025-11-03,REF005,6,5
2025-12-23,REF023,10,15
2025-07-31,REF040,1,3
2025-10-07,REF027,8,15
2026-03-25,REF015,1,17
2025-06-19,REF044,7,18
2025-12-09,REF023,4,8
2026-01-16,REF019,6,16
2025-09-03,REF025,9,8
2025-12-11,REF002,8,16
2025-07-22,REF038,10,17
2026-01-16,REF003,2,18
2025-08-17,REF011,4,14
2026-04-07,REF047,7,4
2025-10-02,REF011,4,1
2025-07-07,REF045,6,15
2025-10-21,REF018,9,13
2026-05-02,REF012,1,7
2025-12-12,REF024,8,16
2025-10-31,REF005,6,20
2025-09-03,REF021,4,10
2025-08-10,REF024,8,20
2025-08-04,REF047,6,18
2026-03-08,REF026,1,8
2026-01-30,REF013,9,5
2025-10-01,REF011,5,3
2025-09-11,REF047,8,12
2026-05-15,REF046,8,11
2025-12-25,REF006,3,10
2025-11-15,REF041,10,13
2025-07-29,REF027,4,15
2026-02-20,REF033,3,8
2026-04-22,REF032,8,3
2025-10-08,REF013,4,12
2025-08-09,REF007,7,2
2025-10-31,REF031,7,20
2025-11-23,REF038,6,8
2025-09-05,REF047,2,19
2026-03-13,REF042,9,18
2025-08-01,REF006,5,19
2026-02-10,REF002,8,11
2025-12-19,REF035,3,2
2026-01-23,REF010,5,20
2025-06-10,REF045,8,12
2025-12-23,REF032,10,2
2025-08-26,REF045,8,1
2025-08-30,REF012,3,17
2025-10-01,REF050,4,8
2025-12-29,REF042,4,15
2026-03-12,REF024,2,5
2025-06-09,REF025,10,12
2025-09-02,REF014,9,7
2025-07-13,REF001,2,5
2025-10-01,REF035,5,10
2026-05-17,REF045,8,19
2026-04-23,REF011,4,8
2025-07-15,REF042,5,8
2026-03-26,REF036,8,9
2025-12-31,REF049,9,9
2026-01-18,REF045,8,2
2025-09-04,REF004,2,6
2025-07-12,REF019,6,8
2026-02-10,REF008,5,7
2026-04-17,REF021,10,1
2026-03-03,REF040,8,14
2025-10-05,REF040,2,3
2026-03-22,REF014,6,3
2026-03-04,REF018,1,14
2026-04-11,REF024,5,3
2026-02-28,REF027,7,11
2025-11-02,REF048,2,2
2026-01-10,REF011,3,8
2026-03-27,REF002,4,11
2026-02-27,REF030,6,10
2025-07-26,REF044,8,12
2026-01-28,REF027,6,2
2025-09-14,REF042,5,17
2025-12-22,REF008,1,8
2025-12-14,REF012,9,15
2025-09-29,REF047,5,3
2025-08-11,REF011,4,3
2025-12-23,REF027,3,11
2026-02-21,REF049,9,18
2026-01-23,REF044,4,3
2026-03-10,REF014,2,3
2026-02-27,REF043,6,18
2026-04-28,REF030,7,15
2026-01-14,REF046,8,12
2026-03-09,REF002,7,2
2025-08-24,REF047,10,9
2026-02-21,REF040,3,13
2025-11-26,REF015,3,12
2025-08-06,REF004,8,4
2025-07-05,REF005,4,6
2025-09-07,REF028,7,19
2025-10-18,REF023,8,2
2025-12-29,REF023,5,3
2025-07-07,REF001,4,5
2025-06-01,REF016,9,12
2025-07-13,REF006,9,15
2025-06-18,REF015,10,10
2026-02-08,REF050,1,17
2026-01-26,REF043,9,8
2026-01-28,REF008,5,18
2025-07-23,REF002,8,12
2025-10-26,REF019,4,4
2025-10-04,REF010,10,19
2025-08-05,REF004,6,17
2026-03-01,REF031,3,20
2025-11-18,REF035,2,10
2025-12-02,REF016,7,18
2026-04-11,REF034,4,11
2025-07-19,REF027,10,16
2025-07-06,REF022,10,12
2026-02-13,REF041,6,5
2025-12-19,REF002,7,17
2025-07-31,REF005,6,10
2026-03-17,REF029,1,14
2025-12-01,REF010,6,17
2025-12-17,REF006,3,15
2026-03-02,REF046,7,17
2026-01-23,REF034,1,15
2026-01-16,REF044,10,9
2026-04-08,REF022,1,3
2025-10-02,REF031,10,7
2025-07-07,REF022,3,18
2025-10-24,REF048,3,3
2025-11-02,REF047,6,14
2025-09-05,REF024,4,14
2025-12-16,REF047,2,10
2025-12-31,REF013,3,5
2025-05-26,REF024,2,15
2026-04-16,REF019,6,17
2026-05-09,REF042,1,18
2025-09-20,REF010,9,1
2025-09-14,REF019,6,6
2026-05-12,REF048,1,2
2025-06-01,REF020,8,4
2025-06-25,REF049,3,8
2026-02-21,REF010,6,13
2025-11-02,REF040,3,17
2026-01-19,REF046,4,2
2025-11-26,REF005,3,15
2025-07-11,REF034,5,13
2025-06-26,REF037,6,19
2025-09-23,REF035,7,9
2025-11-22,REF035,10,3
2026-01-24,REF037,10,6
2025-05-31,REF027,2,5
2025-07-18,REF007,6,18
2026-05-02,REF047,4,19
2025-11-22,REF039,7,12
2025-06-29,REF024,10,9
2026-01-03,REF023,10,5
2025-09-09,REF003,10,13
2026-04-05,REF034,3,20
2026-05-12,REF003,1,1
2025-12-16,REF021,6,2
2026-02-14,REF018,5,7
2026-04-10,REF050,3,16
2026-04-15,REF023,8,18
2025-10-25,REF024,5,8
2026-03-18,REF037,8,14
2026-04-25,REF006,2,18
2025-07-09,REF001,1,10
2025-05-25,REF014,9,14
2026-01-25,REF002,5,5
2026-05-01,REF007,10,6
2026-05-01,REF029,5,3
2025-11-16,REF042,4,3
2026-02-01,REF042,6,17
2025-07-04,REF002,5,12
2026-04-28,REF049,1,2
2025-08-04,REF049,8,16
2026-02-08,REF006,9,7
2025-07-14,REF024,9,7
2025-11-27,REF050,9,11
2026-05-13,REF022,2,18
2026-03-23,REF008,6,8
2026-05-14,REF046,10,2
2026-03-02,REF003,4,12
2025-06-24,REF014,8,6
2025-06-19,REF011,7,4
2025-05-21,REF022,1,20
2025-08-31,REF017,9,10
2025-12-01,REF032,9,17
2025-06-27,REF049,4,18
2026-03-19,REF045,10,16
2025-11-20,REF036,3,1
2026-04-05,REF040,4,9
2025-09-28,REF008,1,19
2025-09-09,REF021,1,3
2026-04-17,REF042,7,10
2025-09-20,REF024,2,1
2026-05-11,REF035,9,5
2025-08-30,REF025,7,11
2026-01-06,REF045,5,2
2025-08-19,REF015,8,6
2025-08-31,REF037,9,6
2026-03-26,REF020,3,11
2025-08-22,REF021,1,3
2025-06-15,REF040,7,18
2025-08-24,REF008,7,8
2026-04-28,REF008,9,1
2025-06-05,REF017,8,6
2025-10-23,REF029,10,14
2025-11-10,REF039,9,14
2025-09-16,REF004,7,8
2025-12-23,REF039,7,15
2025-08-06,REF020,5,9
2026-05-16,REF048,8,10
2025-06-08,REF008,4,7
2025-10-16,REF029,2,20
2025-10-03,REF031,10,16
2025-09-13,REF029,1,17
2025-06-07,REF006,5,18
2025-06-09,REF024,5,10
2026-02-11,REF027,9,4
2025-08-30,REF033,7,5
2026-01-22,REF008,5,7
2025-10-08,REF012,6,12
2026-05-14,REF033,7,19
2026-03-01,REF018,9,17
2025-07-22,REF021,2,17
2026-04-29,REF010,2,5
2025-12-31,REF031,4,14
2026-04-23,REF016,10,5
2026-01-15,REF021,2,7
2025-06-12,REF040,4,9
2026-05-05,REF035,8,5
2025-06-23,REF047,8,3
2026-03-08,REF032,9,15
2025-06-27,REF039,4,10
2026-05-13,REF017,4,9
2025-06-11,REF013,4,12
2025-06-15,REF006,9,17
2025-07-08,REF029,8,11
2025-10-09,REF043,9,10
2025-12-18,REF026,7,6
2026-02-04,REF047,10,5
2025-07-03,REF042,9,19
2026-05-14,REF046,9,20
2025-07-06,REF044,6,4
2025-08-19,REF009,4,19
2025-07-12,REF039,8,1
2025-08-24,REF030,7,8
2026-04-04,REF024,6,14
2025-11-26,REF013,3,3
2025-06-13,REF011,8,9
2025-07-10,REF033,5,16
2025-11-04,REF049,2,16
2026-01-21,REF014,9,15
2025-12-21,REF026,8,10
2025-06-04,REF009,1,15
2025-06-03,REF017,6,17
2025-06-05,REF046,6,13
2026-05-05,REF026,2,9
2025-08-18,REF029,1,9
2025-11-27,REF007,9,7
2026-04-22,REF040,9,17
2026-04-14,REF009,2,10
2025-07-23,REF027,2,5
2026-04-10,REF006,8,14
2025-09-30,REF042,10,17
2025-07-30,REF013,9,20
2025-09-13,REF032,1,15
2026-03-02,REF004,4,4
2025-12-08,REF014,2,3
2025-08-17,REF015,7,5
2025-10-11,REF013,1,4
2026-05-07,REF018,5,19
2026-01-31,REF023,10,6
2026-04-21,REF046,5,3
2026-03-18,REF015,1,1
2025-08-04,REF031,9,8
2026-01-19,REF006,10,2
2026-01-29,REF040,2,11
2025-11-10,REF011,3,13
2025-06-13,REF038,10,14
2025-06-19,REF002,8,15
2025-07-15,REF013,6,7
2026-02-14,REF020,1,6
2026-03-25,REF018,10,16
2025-08-25,REF025,10,10
2026-04-22,REF014,1,8
2025-07-08,REF025,10,12
2026-03-16,REF045,3,7
2026-04-08,REF024,1,1
2026-03-08,REF006,7,7
2026-01-09,REF037,3,5
2025-11-18,REF026,1,7
2025-08-17,REF043,3,14
2025-12-12,REF024,6,6
2025-08-15,REF019,2,4
2026-04-27,REF030,10,6
2026-02-16,REF028,8,15
2026-04-25,REF046,4,11
2025-10-19,REF026,8,14
2025-06-12,REF006,2,15
2026-02-16,REF020,2,16
2025-07-06,REF032,1,1
2025-09-13,REF013,7,10
2026-03-03,REF002,5,7
2025-05-22,REF047,6,17
2026-01-22,REF022,4,4
2026-01-10,REF031,8,13
2025-10-03,REF039,1,4
2026-01-26,REF026,1,15
2026-03-19,REF013,5,17
2025-11-28,REF016,5,7
2026-05-08,REF028,4,7
2026-01-02,REF001,9,18
2025-10-15,REF048,2,9
2025-12-13,REF027,4,7
2025-11-08,REF044,3,7
2025-10-05,REF049,2,13
2026-04-14,REF030,2,9
2025-08-26,REF020,6,15
2025-07-20,REF031,8,13
2026-04-09,REF030,1,1
2026-03-01,REF046,4,19
2026-01-26,REF038,3,1
2026-02-27,REF016,8,17
2025-11-12,REF003,9,19
2026-02-02,REF039,5,13
2025-06-15,REF027,4,7
2026-04-22,REF010,8,16
2025-06-11,REF008,5,11
2025-10-21,REF015,2,14
2025-12-13,REF050,3,1
2025-06-27,REF004,9,20
2026-02-22,REF007,5,6
2025-12-24,REF041,8,1
2025-06-24,REF018,9,17
2025-09-18,REF036,6,6
2025-07-09,REF027,8,17
2026-01-08,REF007,6,7
2025-09-08,REF020,7,7
2025-06-01,REF024,2,13
2026-04-16,REF008,7,14
2025-09-16,REF020,2,17
2026-03-30,REF030,9,15
2026-04-22,REF022,8,8
2026-04-29,REF042,7,15
2025-11-15,REF046,5,5
2025-05-21,REF042,7,6
2025-09-13,REF008,9,10
2025-12-07,REF044,5,19
2026-01-23,REF032,8,17
2025-06-06,REF038,3,16
2025-07-21,REF048,5,12
2026-04-14,REF039,5,16
2025-11-09,REF049,2,11
2025-06-10,REF005,7,8
2026-02-11,REF027,7,3
2025-11-19,REF046,3,19
2025-12-02,REF049,8,1
2025-10-05,REF032,4,2
2026-05-01,REF021,7,13
2025-08-31,REF018,5,4
2025-11-26,REF046,10,18
2025-06-13,REF035,10,18
2025-08-25,REF043,6,15
2026-04-03,REF007,7,4
2026-01-14,REF024,7,14
2026-03-02,REF031,1,15
2025-11-15,REF006,5,19
2025-10-19,REF032,2,2
2025-09-20,REF018,7,13
2025-06-08,REF036,10,14
2025-08-23,REF020,7,12
2026-01-12,REF047,4,10
2026-05-04,REF022,1,17
2025-07-09,REF044,10,9
2025-12-20,REF006,2,17
2026-04-01,REF033,3,1
2025-12-27,REF038,5,14
2025-12-30,REF044,1,14
2026-05-14,REF006,4,13
2025-10-05,REF005,2,5
2026-05-02,REF032,10,4
2025-11-15,REF023,6,16
2026-04-20,REF027,6,20
2025-12-12,REF007,10,3
2025-09-12,REF046,4,6
2025-10-21,REF003,5,19
2025-11-19,REF017,1,20
2025-09-05,REF040,6,15
2025-10-10,REF004,10,5
2025-08-01,REF039,8,7
2026-04-06,REF043,3,3
2026-03-31,REF008,1,2
2026-03-12,REF042,1,15
2026-02-06,REF022,1,5
2025-07-29,REF023,6,5
2025-07-08,REF027,7,6
2025-11-11,REF020,4,5
2025-12-14,REF036,2,17
2025-11-16,REF023,4,3
2025-07-02,REF007,3,17
2025-06-13,REF046,10,6
2025-10-27,REF013,1,2
2025-08-17,REF004,1,12
2026-03-28,REF041,2,9
2026-02-14,REF019,1,3
2025-10-04,REF011,2,2
2025-12-27,REF024,2,17
2025-08-15,REF035,5,17
2026-05-06,REF048,3,19
2025-12-06,REF038,5,12
2025-08-16,REF017,9,9
2025-09-12,REF025,7,12
2025-09-25,REF020,3,13
2026-04-26,REF002,4,17
2026-03-11,REF013,6,4
2025-09-17,REF022,7,1
2025-08-06,REF007,10,7
2025-12-08,REF026,7,4
2025-10-31,REF037,3,14
2025-12-27,REF007,2,9
2026-04-28,REF015,2,18
2025-10-17,REF040,9,11
2025-06-16,REF041,9,7
2025-10-01,REF004,4,20
2026-05-18,REF045,6,9
2025-05-23,REF019,8,17
2025-09-12,REF023,8,2
2026-02-12,REF029,8,8
2025-12-24,REF004,10,18
2025-09-28,REF043,8,7
2025-12-09,REF012,7,2
2026-02-07,REF042,8,17
2025-11-16,REF038,1,9
2025-11-27,REF034,1,15
2025-06-02,REF033,8,14
2026-04-18,REF046,1,2
2025-07-23,REF010,3,7
2026-03-28,REF006,5,16
2026-03-10,REF038,4,4
2025-07-04,REF033,10,8
2026-02-23,REF017,6,15
2025-06-19,REF041,2,14
2026-03-16,REF020,1,8
2026-01-24,REF012,7,15
2025-11-18,REF045,3,2
2025-11-17,REF009,10,16
2026-03-09,REF008,3,14
2026-03-04,REF018,8,19
2025-12-22,REF024,6,12
2025-09-03,REF028,5,6
2025-05-21,REF050,9,16
2025-09-04,REF048,9,14
2025-07-06,REF014,2,20
2025-12-26,REF007,1,18
2025-12-28,REF035,5,20
2025-06-13,REF022,7,20
2025-11-18,REF022,7,12
2026-04-11,REF038,5,6
2025-06-21,REF047,9,2
2025-10-16,REF044,1,1
2026-05-19,REF012,10,20
2026-05-12,REF009,5,2
2026-05-06,REF021,3,11
2025-07-14,REF012,8,16
2026-02-26,REF020,7,6
2025-11-13,REF024,5,17
2025-05-22,REF015,1,15
2026-01-20,REF028,4,10
2025-08-31,REF038,4,5
2026-03-22,REF036,8,11
2026-05-09,REF018,10,2
2025-08-02,REF010,7,13
2025-06-04,REF028,6,12
2026-05-15,REF008,4,19
2026-01-21,REF023,8,13
2025-06-18,REF014,2,1
2026-03-04,REF032,10,15
2025-06-08,REF009,1,3
2025-11-18,REF037,4,9
2026-03-15,REF006,10,9
2026-02-15,REF024,1,19
2025-09-02,REF026,7,11
2025-11-17,REF038,9,18
2025-11-19,REF043,2,19
2025-09-17,REF037,7,8
2026-03-04,REF018,9,3
2025-09-25,REF034,2,1
2026-05-19,REF029,8,13
2025-05-21,REF050,8,11
2026-01-20,REF031,1,15
2026-01-18,REF039,4,3
2025-12-16,REF044,5,18
2026-02-01,REF047,6,4
2025-11-24,REF013,3,3
2025-08-18,REF023,9,11
2025-12-28,REF001,5,18
2025-12-22,REF019,7,8
2026-01-30,REF022,8,18
2025-07-11,REF019,3,17
2026-02-13,REF015,4,1
2026-05-01,REF049,6,16
2026-01-22,REF031,6,8
2025-12-13,REF011,6,3
2025-12-25,REF011,7,4
2026-05-02,REF001,7,2
2025-11-09,REF022,3,14
2025-06-12,REF012,1,5
2025-07-31,REF018,9,10
2025-11-30,REF029,1,12
2025-10-23,REF049,2,9
2025-05-28,REF013,1,11
2025-07-11,REF016,1,20
2026-01-22,REF043,6,3
2026-03-01,REF047,3,13
2025-10-09,REF036,1,10
2025-08-22,REF026,2,7
2025-09-08,REF014,2,8
2025-10-11,REF029,4,19
2025-11-16,REF014,4,5
2026-04-27,REF004,2,10
2025-10-15,REF030,7,8
2025-07-08,REF010,10,17
2025-12-16,REF037,10,18
2025-07-28,REF031,3,2
2025-11-19,REF042,5,11
2026-05-06,REF045,9,17
2026-01-06,REF037,1,3
2026-04-04,REF024,4,16
2025-10-20,REF008,2,4
2026-01-05,REF025,3,3
2025-08-23,REF038,4,12
2025-07-19,REF006,3,2
2026-03-11,REF032,1,12
2025-09-02,REF043,3,15
2026-03-17,REF027,3,12
2026-04-23,REF007,3,8
2026-02-09,REF017,2,2
2025-06-28,REF004,6,5
2026-01-28,REF025,1,8
2026-03-31,REF041,9,20
2025-08-01,REF006,8,16
2026-05-17,REF007,3,16
2025-07-23,REF012,9,12
2026-04-27,REF034,9,2
2025-10-10,REF013,1,20
2025-05-20,REF026,9,1
2025-11-28,REF035,5,3
2025-11-28,REF036,6,11
2025-05-20,REF042,1,1
2025-09-15,REF009,7,1
2025-05-24,REF012,10,11
2025-06-24,REF040,6,18
2025-12-08,REF046,2,12
2025-12-10,REF021,10,4
2025-09-15,REF002,3,14
2025-06-28,REF045,9,16
2025-10-27,REF008,9,19
2026-02-14,REF044,9,9
2025-06-29,REF032,8,17
2025-11-14,REF007,1,6
2025-08-03,REF004,7,6
2026-02-12,REF040,8,8
2025-07-18,REF036,1,2
2025-07-09,REF039,4,4
2025-11-17,REF040,10,15
2026-02-20,REF010,5,14
2025-06-11,REF016,7,9
2026-03-07,REF032,8,4
2025-08-08,REF022,4,14
2026-05-15,REF015,10,2
2026-03-03,REF026,7,6
2025-09-03,REF007,2,3
2025-12-06,REF032,7,10
2025-12-30,REF024,8,20
2026-03-18,REF014,9,11
2026-04-25,REF045,7,20
2026-04-26,REF044,5,3
2025-12-02,REF045,5,16
2025-10-02,REF024,3,19
2026-03-05,REF021,8,11
2025-11-02,REF029,5,6
2025-09-14,REF046,2,2
2025-12-26,REF038,4,7
2026-02-09,REF045,5,5
2025-10-27,REF017,5,7
2025-12-02,REF020,9,5
2025-12-02,REF039,8,3
2025-07-15,REF017,4,12
2026-03-09,REF044,10,14
2025-11-20,REF042,5,14
2025-12-09,REF048,3,12
2026-04-26,REF010,10,11
2025-11-24,REF050,3,1
2025-08-30,REF039,5,16
2026-02-14,REF027,2,10
2026-04-26,REF016,4,8
2025-05-23,REF039,7,19
2026-04-09,REF042,7,19
2025-08-19,REF040,1,15
2025-07-30,REF016,4,5
2026-01-07,REF009,10,11
2026-03-09,REF047,2,6
2025-07-22,REF050,6,6
2025-10-06,REF022,2,17
2025-06-29,REF016,2,17
2025-09-20,REF038,8,3
2026-01-24,REF012,3,16
2025-05-19,REF048,9,10
2026-02-20,REF037,10,2
2026-04-29,REF005,2,10
2026-02-24,REF034,2,12
2025-11-24,REF049,7,13
2026-03-31,REF045,4,12
2026-03-22,REF009,3,18
2026-01-20,REF029,2,14
2025-11-07,REF014,2,9
2025-10-26,REF044,2,9
2025-05-29,REF016,9,11
2026-04-12,REF011,10,4
2025-07-28,REF030,2,7
2025-05-21,REF025,3,5
2026-04-17,REF023,10,11
2026-03-25,REF027,1,18
2026-03-17,REF014,7,16
2025-08-06,REF005,4,17
2026-05-10,REF025,4,16
2026-01-25,REF008,5,9
2026-04-15,REF012,9,15
2025-12-06,REF007,7,16
2025-10-22,REF050,10,10
2026-02-08,REF050,1,9
2025-11-02,REF024,1,15
2026-05-08,REF011,7,13
2026-01-04,REF018,2,19
2025-12-15,REF019,7,10
2026-03-31,REF049,2,17
2026-05-02,REF004,5,9
2026-02-14,REF047,9,6
2025-12-16,REF038,3,20
2025-10-26,REF017,9,14
2026-04-04,REF030,3,9
2026-04-20,REF046,10,1
2026-01-26,REF013,9,10
2025-09-12,REF019,6,14
2026-02-07,REF035,5,17
2025-07-15,REF033,7,13
2025-09-28,REF025,9,9
2025-06-07,REF004,6,4
2025-06-03,REF028,10,19
2026-03-17,REF045,5,14
2025-09-04,REF035,5,4
2026-01-17,REF049,9,9
2025-09-24,REF017,2,1
2025-07-16,REF023,8,11
2025-10-25,REF032,9,13
2025-09-14,REF047,6,11
2025-08-10,REF045,2,11
2025-09-09,REF029,9,18
2025-06-17,REF038,6,16
2025-06-19,REF010,6,10
2026-04-27,REF020,10,13
2025-10-19,REF016,10,17
2026-05-12,REF035,5,15
2025-08-28,REF004,10,19
2026-02-22,REF019,9,10
2026-02-05,REF037,4,1
2025-11-30,REF019,9,12
2025-12-02,REF028,2,7
2026-02-07,REF014,2,7
2026-02-15,REF035,6,19
2025-07-04,REF019,2,2
2026-04-04,REF044,3,6
2026-02-12,REF022,7,14
2026-04-17,REF024,7,17
2025-10-23,REF028,9,6
2025-09-13,REF020,7,2
2026-01-10,REF001,1,5
2025-09-27,REF014,7,8
2025-10-05,REF016,10,15
2026-02-24,REF043,8,13
2025-07-16,REF035,7,19
2025-09-01,REF014,10,3
2025-08-13,REF048,3,10
2026-02-17,REF047,6,6
2025-12-11,REF015,2,1
2026-02-01,REF017,2,11
2026-01-20,REF038,8,20
2025-06-27,REF023,5,5
2026-02-18,REF005,4,11
2026-04-21,REF048,10,3
2025-10-28,REF041,1,4
2025-07-16,REF001,9,8
2025-05-25,REF015,10,12
2026-04-02,REF006,10,8
2026-01-12,REF030,7,4
2025-08-29,REF030,9,14
2026-02-23,REF014,4,15
2026-03-06,REF049,10,7
2026-03-07,REF002,2,9
2025-12-31,REF018,4,11
2025-05-26,REF025,5,5
2025-07-14,REF038,4,2
2026-03-14,REF017,1,3
2026-02-10,REF021,9,15
2026-01-18,REF011,6,2
2025-09-13,REF037,7,6
2025-07-23,REF035,3,1
2026-02-01,REF045,4,6
2025-08-19,REF008,8,13
2026-01-20,REF007,4,12
2026-04-30,REF023,9,13
2025-08-10,REF010,5,15
2025-11-07,REF028,6,12
2025-10-21,REF002,2,19
2025-11-25,REF032,5,6
2025-09-14,REF033,4,5
2026-04-25,REF031,7,19
2025-06-18,REF001,6,16
2025-06-06,REF018,10,2
2025-11-20,REF002,8,18
2025-07-07,REF050,1,4
2025-09-01,REF002,4,3
2025-11-25,REF024,7,11
2026-01-19,REF047,8,20
2025-08-22,REF030,9,15
2025-09-17,REF008,7,2
2026-02-22,REF027,3,7
2025-05-28,REF043,1,15
2026-04-07,REF020,4,5
2025-06-30,REF045,7,12
2025-09-20,REF013,4,15
2026-05-18,REF005,9,19
2025-10-01,REF033,7,18
2025-06-27,REF033,1,17
2026-01-04,REF044,6,16
2025-12-10,REF025,4,14
2025-09-28,REF032,8,18
2025-05-29,REF035,6,20
2026-05-06,REF016,2,5
2026-03-26,REF013,10,18
2025-07-07,REF035,3,12
2025-12-26,REF005,4,7
2026-04-05,REF050,2,6
2025-06-09,REF015,4,9
2025-10-04,REF046,5,2
2026-02-05,REF045,3,20
2025-09-13,REF046,10,7
2025-10-14,REF027,4,7
2026-03-07,REF010,6,19
2026-02-18,REF044,6,3
2025-09-19,REF022,1,20
2026-03-18,REF009,7,12
2025-06-25,REF030,3,5
2026-05-03,REF002,9,2
2025-10-29,REF011,6,7
2026-05-07,REF006,1,20
2025-06-07,REF034,1,6
2026-01-06,REF026,4,6
2025-09-23,REF013,9,11
2026-04-06,REF024,8,7
2025-12-27,REF019,7,4
2025-11-09,REF041,4,6
2025-12-14,REF038,10,14
2025-10-06,REF026,8,13
2026-04-29,REF032,8,20
2026-02-04,REF046,9,19
2025-10-10,REF048,6,6
2026-01-13,REF006,4,9
2026-01-22,REF042,3,3
2026-04-18,REF007,9,18
2025-12-29,REF050,2,9
2026-03-08,REF032,6,3
2026-03-01,REF043,1,11
2025-05-23,REF008,1,16
2025-11-25,REF041,3,5
2025-07-18,REF011,4,16
2025-08-20,REF014,6,5
2025-10-14,REF043,7,7
2025-12-30,REF001,6,8
2025-11-08,REF044,3,1
2025-10-16,REF008,10,12
2025-11-08,REF044,5,1
2026-01-31,REF007,8,4
2025-09-22,REF027,2,15
2025-10-14,REF007,7,15
2026-03-10,REF022,1,2
2025-06-19,REF047,9,10
2026-05-08,REF045,10,17
2026-04-19,REF017,1,20
2026-03-02,REF016,4,8
2025-08-22,REF044,9,9
2026-04-29,REF014,10,10
2025-10-28,REF038,10,5
2025-07-18,REF029,1,4
2026-02-22,REF005,6,4
2025-05-19,REF040,5,3
2025-09-21,REF007,10,11
2025-11-06,REF023,5,17
2026-02-19,REF028,5,18
2026-02-23,REF050,3,4
2025-11-15,REF009,1,1
2025-06-30,REF027,4,1
2025-07-05,REF011,6,8
2026-04-26,REF031,5,12
2025-07-27,REF033,4,2
2025-05-25,REF035,8,4
2025-06-15,REF044,8,10
2026-03-09,REF030,3,13
2025-10-02,REF045,1,9
2025-07-19,REF044,2,19
2026-01-14,REF015,6,16
2025-09-26,REF041,1,17
2025-07-12,REF036,10,5
2025-09-02,REF011,10,3
2025-12-12,REF020,1,20
2025-11-13,REF040,3,15
2025-11-23,REF003,4,18
2026-04-23,REF042,3,1
2026-01-03,REF037,1,6
2025-05-24,REF039,6,8
2026-01-24,REF021,6,4
2025-10-13,REF032,7,10
2025-11-08,REF022,6,6
2025-09-07,REF005,9,1
2025-10-22,REF049,8,2
2026-04-12,REF038,5,13
2026-01-09,REF012,2,1
2025-05-29,REF016,4,15
2025-09-13,REF021,1,4
2025-07-08,REF007,9,8
2026-01-10,REF025,7,11
2025-11-28,REF019,3,4
2025-07-12,REF019,10,19
2026-05-05,REF049,7,20
2025-11-01,REF028,6,13
2025-12-06,REF008,9,6
2025-07-14,REF045,2,7
2025-12-30,REF023,4,13
2026-02-24,REF025,7,4
2026-01-13,REF018,4,8
2026-02-08,REF008,4,19
2025-12-09,REF027,8,11
2026-03-17,REF048,9,20
2025-10-27,REF037,5,16
2026-01-15,REF009,6,5
2026-04-05,REF037,6,9
2026-05-07,REF023,6,11
2025-11-24,REF043,4,6
2025-05-30,REF012,2,17
2025-05-30,REF028,5,2
2026-01-14,REF026,1,9
2025-09-02,REF017,2,17
2026-05-18,REF037,7,19
2025-05-19,REF034,3,20
2025-11-27,REF031,4,2
2026-03-17,REF049,8,7
2025-10-29,REF049,5,19
2026-01-19,REF006,3,1
2025-10-22,REF006,9,18
2025-08-10,REF032,5,1
2025-07-08,REF028,9,12
2025-08-22,REF017,6,1
2025-09-03,REF001,9,15
2026-03-20,REF005,8,4
2025-06-19,REF037,8,2
2026-04-06,REF025,7,14
2025-05-29,REF034,6,5
2025-11-03,REF047,1,10
2025-06-07,REF020,9,20
2026-02-14,REF001,1,18
2025-11-04,REF045,9,11
2025-09-24,REF046,6,12
2026-01-07,REF027,7,12
2025-06-19,REF044,4,5
2025-08-14,REF049,7,14
2025-07-12,REF016,2,1
2025-10-09,REF048,9,1
2025-10-11,REF016,2,7
2025-09-24,REF027,4,8
2026-04-08,REF013,7,5
2025-07-05,REF039,9,14
2025-07-25,REF048,8,14
2025-12-17,REF026,4,11
2026-02-16,REF010,6,7
2025-08-03,REF027,2,12
2026-04-19,REF050,6,5
2026-01-29,REF010,6,4
2026-04-01,REF009,1,17
2026-01-10,REF005,9,2
2025-11-13,REF038,10,14
2025-10-24,REF018,7,16
2025-06-22,REF016,6,20
2026-04-22,REF009,10,13
2026-02-26,REF005,3,19
2026-03-12,REF018,6,18
2026-01-18,REF037,7,16
2025-07-30,REF047,9,14
2025-09-25,REF021,8,20
2025-11-21,REF003,3,17
2025-05-28,REF032,7,17
2025-11-12,REF029,6,18
2025-06-28,REF038,9,9
2025-09-16,REF036,10,18
2026-03-26,REF037,7,18
2025-06-25,REF033,9,12
2025-06-09,REF020,1,15
2025-05-29,REF038,2,11
2025-05-22,REF005,1,9
2026-04-27,REF034,1,18
2026-03-02,REF006,8,2
2025-12-28,REF037,10,14
2025-06-20,REF024,2,12
2025-12-15,REF046,8,18
2026-03-12,REF016,9,13
2025-12-03,REF010,9,19
2025-05-25,REF028,8,5
2026-05-11,REF046,9,5
2026-01-11,REF041,10,19
2026-03-14,REF017,3,12
2025-12-11,REF040,6,11
2026-02-12,REF019,5,16
2025-08-05,REF049,3,14
2025-09-11,REF004,3,6
2026-02-18,REF016,4,16
2026-02-10,REF043,3,19
2025-09-06,REF033,3,6
2025-12-04,REF021,1,1
2026-04-15,REF031,3,9
2026-01-29,REF046,10,7
2025-06-18,REF003,9,14
2025-12-29,REF022,8,13
2026-01-14,REF005,9,6
2026-04-29,REF033,1,12
2026-01-06,REF002,1,19
2026-02-08,REF038,1,8
2025-06-13,REF028,3,9
2026-04-23,REF018,7,19
2026-04-07,REF002,9,4
2025-06-19,REF015,6,17
2026-03-13,REF022,10,18
2026-03-15,REF046,6,17
2026-04-15,REF003,6,3
2025-08-26,REF043,6,4
2025-11-07,REF041,2,9
2025-06-18,REF001,4,16
2025-05-22,REF026,7,18
2025-10-14,REF013,6,20
2025-08-02,REF003,3,19
2025-06-09,REF048,7,16
2026-03-11,REF049,4,5
2025-07-23,REF015,7,11
2025-07-24,REF022,1,13
2026-03-10,REF020,8,9
2025-06-04,REF049,8,9
2025-12-09,REF030,8,5
2025-11-02,REF016,10,15
2025-07-31,REF012,2,2
2025-11-04,REF005,9,4
2026-04-28,REF041,8,2
2025-08-18,REF022,1,10
2026-03-24,REF045,3,12
2026-05-11,REF020,9,6
2025-06-29,REF018,3,2
2025-10-30,REF043,6,7
2025-08-02,REF001,5,20
2025-07-23,REF031,6,19
2026-03-08,REF041,7,17
2026-02-07,REF017,9,18
2026-01-14,REF049,9,10
2025-11-25,REF002,5,2
2026-03-21,REF001,3,20
2025-10-04,REF033,2,20
2025-12-09,REF025,10,4
2025-12-01,REF033,10,16
2026-05-11,REF025,2,15
2026-02-08,REF047,10,9
2025-08-04,REF045,8,13
2025-07-21,REF047,10,3
2025-11-13,REF013,7,9
2026-05-07,REF007,4,10
2026-04-16,REF020,4,17
2025-10-15,REF041,8,15
2025-10-29,REF021,9,2
2026-02-26,REF024,1,6
2025-07-10,REF017,6,4
2026-03-06,REF039,6,10
2025-06-17,REF010,1,11
2026-02-21,REF035,9,7
2025-05-29,REF038,6,12
2026-04-11,REF037,2,11
2025-09-10,REF041,9,5
2025-06-27,REF025,3,2
2025-08-29,REF050,9,5
2026-01-29,REF003,2,10
2026-02-01,REF026,9,5
2025-08-28,REF045,6,4
2026-01-23,REF018,4,11
2025-10-29,REF050,8,18
2026-02-05,REF041,8,10
2026-01-29,REF041,6,18
2026-01-04,REF042,10,17
2025-09-26,REF047,6,1
2025-11-27,REF002,10,6
2025-06-09,REF044,7,14
2025-05-22,REF027,3,4
2025-08-24,REF016,7,14
2025-08-29,REF027,8,6
2026-01-07,REF011,6,11
2026-01-17,REF037,6,9
2026-05-08,REF026,7,7
2026-04-05,REF016,2,1
2025-09-14,REF005,5,5
2025-06-12,REF025,2,7
2025-05-26,REF002,1,13
2025-08-30,REF027,3,19
2025-09-13,REF002,1,7
2025-09-29,REF014,2,19
2025-08-23,REF048,5,10
2026-05-10,REF028,10,10
2025-08-18,REF028,4,2
2025-09-01,REF047,7,7
2026-05-05,REF003,9,3
2025-08-03,REF014,7,2
2025-10-16,REF026,7,19
2026-01-31,REF036,2,18
2026-03-05,REF029,1,7
2025-05-19,REF003,7,17
2025-12-12,REF049,2,6
2026-04-09,REF031,8,14
2026-04-21,REF015,9,10
2025-09-14,REF032,10,9
2025-06-05,REF014,6,3
2025-12-24,REF043,4,15
2026-01-06,REF039,7,14
2025-08-22,REF010,1,1
2025-07-14,REF018,10,6
2026-01-23,REF038,7,2
2025-09-08,REF036,5,14
2025-05-20,REF010,2,20
2026-01-30,REF033,10,15
2026-03-17,REF032,10,17
2025-06-29,REF037,7,1
2025-10-27,REF003,9,16
2025-09-19,REF001,4,16
2026-05-07,REF001,10,9
2026-02-21,REF036,7,4
2025-07-17,REF039,7,18
2026-04-24,REF019,7,6
2025-12-24,REF046,2,14
2025-06-03,REF024,2,9
2026-03-02,REF041,5,10
2025-10-12,REF009,5,19
2026-04-15,REF010,5,20
2026-04-10,REF035,1,18
2026-02-12,REF007,3,2
2026-04-24,REF025,6,6
2026-04-25,REF029,9,14
2025-07-20,REF002,2,5
2026-03-17,REF002,5,14
2026-01-28,REF005,2,3
2025-07-02,REF038,10,17
2025-10-24,REF027,4,7
2026-02-24,REF029,1,1
2026-03-02,REF015,8,1
2026-02-24,REF024,10,11
2026-01-29,REF030,2,16
2025-12-30,REF006,7,18
2025-07-06,REF044,3,7
2025-09-17,REF007,3,16
2025-06-16,REF046,4,5
2026-03-29,REF027,2,4
2026-05-04,REF025,9,5
2025-07-27,REF022,2,5
2025-05-21,REF024,2,16
2025-08-20,REF012,8,1
2025-09-11,REF027,2,11
2025-10-02,REF037,3,1
2025-10-27,REF032,4,19
2025-06-11,REF031,4,4
2025-07-31,REF043,2,13
2026-04-13,REF040,10,20
2025-08-07,REF028,5,5
2025-06-01,REF016,3,9
2025-05-23,REF010,10,11
2025-08-14,REF003,1,8
2025-11-15,REF013,3,1
2025-10-05,REF041,10,8
2025-10-16,REF034,8,6
2025-10-06,REF037,2,19
2025-10-12,REF038,3,17
2025-09-10,REF042,9,7
2025-10-13,REF037,6,12
2025-11-27,REF030,2,10
2026-03-17,REF046,1,6
2026-04-19,REF001,1,7
2025-05-25,REF038,10,8
2025-08-21,REF002,10,2
2025-05-29,REF004,10,8
2025-05-26,REF029,6,8
2025-11-11,REF003,4,6
2025-11-13,REF022,4,18
2025-05-19,REF019,7,16
2026-04-15,REF007,1,17
2025-07-03,REF013,5,17
2025-08-07,REF042,1,16
2025-11-20,REF023,4,9
2025-06-22,REF033,7,1
2026-03-03,REF011,5,12
2025-10-22,REF012,8,12
2025-12-19,REF031,4,1
2026-01-29,REF019,4,18
2025-12-10,REF015,4,8
2025-11-08,REF040,9,18
2026-03-07,REF031,6,15
2026-01-03,REF012,1,15
2025-07-10,REF023,6,14
2025-12-16,REF001,10,8
2025-09-28,REF005,5,2
2025-07-14,REF018,9,20
2026-01-13,REF034,7,7
2026-01-12,REF045,2,2
2025-06-04,REF006,1,10
2026-03-04,REF042,8,15
2025-11-28,REF003,5,19
2026-02-12,REF016,1,4
2025-08-15,REF005,7,2
2026-04-11,REF002,2,19
2025-10-18,REF021,6,5
2025-12-02,REF046,9,16
2026-04-29,REF007,5,2
2025-05-22,REF038,6,19
2026-03-04,REF047,3,17
2025-09-04,REF026,5,9
2025-05-26,REF001,10,10
2026-03-30,REF044,6,9
2026-05-06,REF044,5,3
2026-01-19,REF033,3,8
2025-07-17,REF047,2,16
2026-04-11,REF026,7,10
2025-11-12,REF022,1,20
2025-07-09,REF041,9,8
2025-09-27,REF039,1,18
2025-10-09,REF002,1,6
2026-03-15,REF025,8,11
2025-12-04,REF044,9,15
2026-01-04,REF037,5,3
2026-03-16,REF003,6,3
2025-10-22,REF035,7,7
2026-04-25,REF017,7,7
2025-07-22,REF016,8,2
2025-10-26,REF029,1,17
2025-07-29,REF003,6,4
2025-12-25,REF028,6,8
2025-08-23,REF017,5,16
2026-04-13,REF014,8,2
2026-05-12,REF005,10,8
2026-01-22,REF045,7,5
2026-03-21,REF041,6,2
2026-05-01,REF040,3,15
2026-02-10,REF010,3,16
2026-03-22,REF047,6,18
2025-09-09,REF025,8,2
2025-10-11,REF011,8,10
2025-08-27,REF031,7,9
2025-11-20,REF003,1,12
2025-10-02,REF002,5,2
2025-11-23,REF045,4,12
2025-10-01,REF007,1,13
2025-05-28,REF021,6,13
2025-10-29,REF019,7,14
2026-02-16,REF032,3,3
2026-05-11,REF038,2,20
2025-10-15,REF001,8,11
2025-10-18,REF017,10,10
2025-11-18,REF037,5,2
2025-12-06,REF014,1,1
2025-07-11,REF047,5,7
2025-06-14,REF030,1,2
2025-06-17,REF020,3,20
2025-12-15,REF020,5,15
2025-11-06,REF003,10,14
2026-03-30,REF045,5,11
2026-04-13,REF001,10,6
2025-11-12,REF008,10,2
2026-03-12,REF008,4,15
2026-02-14,REF017,6,7
2026-01-24,REF007,2,2
2026-02-06,REF003,5,8
2025-10-20,REF003,3,8
2026-01-19,REF031,5,17
2026-02-21,REF032,6,8
2025-09-27,REF006,3,17
2026-03-31,REF002,1,5
2026-01-16,REF011,3,15
2025-07-04,REF025,5,19
2026-01-26,REF006,5,10
2026-03-08,REF046,8,19
2026-04-05,REF004,10,12
2025-11-02,REF021,10,6
2025-12-25,REF037,9,17
2026-01-27,REF009,3,16
2026-05-13,REF005,7,12
2025-12-11,REF001,7,10
2026-02-01,REF043,1,5
2025-07-30,REF028,9,20
2026-02-21,REF026,10,6
2025-10-28,REF011,10,15
2026-03-26,REF026,9,12
2026-01-07,REF032,1,1
2026-02-02,REF027,4,11
2025-10-21,REF030,2,12
2026-02-07,REF004,6,13
2026-03-05,REF040,8,7
2025-09-05,REF023,4,8
2025-10-09,REF036,1,18
2025-09-12,REF004,8,4
2026-03-05,REF049,2,9
2025-12-04,REF010,5,8
2025-07-17,REF028,9,12
2025-10-17,REF034,6,7
2025-08-14,REF017,8,13
2025-07-16,REF015,2,15
2026-04-29,REF046,10,20
2025-12-01,REF009,7,4
2026-01-01,REF017,8,6
2025-08-09,REF046,9,13
2026-01-15,REF028,1,5
2025-09-25,REF044,1,2
2026-03-09,REF047,9,18
2026-03-14,REF037,5,5
2025-10-29,REF011,3,13
2025-08-01,REF006,2,16
2025-05-24,REF050,3,2
2025-10-29,REF003,3,13
2026-02-04,REF034,7,4
2025-12-12,REF029,3,11
2025-05-29,REF034,10,13
2026-02-02,REF033,5,12
2026-04-25,REF006,4,6
2025-07-05,REF027,9,19
2025-12-13,REF037,8,13
2025-11-24,REF013,7,14
2025-11-05,REF006,6,17
2025-07-04,REF007,7,12
2025-09-24,REF040,9,4
2025-06-13,REF032,3,3
2025-11-06,REF017,5,5
2026-01-28,REF045,3,8
2026-02-21,REF014,8,13
2025-10-02,REF005,7,9
2025-10-25,REF015,7,3
2025-09-09,REF019,2,20
2026-01-01,REF023,4,18
2025-08-16,REF019,3,19
2025-05-26,REF026,7,17
2025-06-22,REF002,9,14
2025-06-06,REF049,2,9
2025-12-13,REF002,9,3
2026-01-21,REF034,6,12
2025-10-03,REF050,1,20
2025-07-23,REF045,10,12
2025-08-26,REF016,1,5
2026-05-18,REF040,8,2
2026-01-21,REF016,4,11
2025-11-28,REF031,1,10
2026-05-04,REF011,8,17
2025-09-23,REF004,7,11
2025-10-13,REF003,6,12
2025-11-11,REF047,8,16
2026-03-13,REF003,5,19
2025-08-20,REF025,8,11
2026-01-05,REF024,2,17
2025-12-24,REF032,4,7
2026-01-11,REF001,1,18
2026-01-08,REF015,10,18
2025-06-18,REF039,9,9
2025-11-01,REF012,1,3
2026-04-05,REF011,7,3
2025-10-07,REF004,2,1
2025-06-21,REF047,1,9
2025-08-31,REF008,4,6
2025-09-25,REF021,2,1
2025-08-07,REF025,9,7
2026-03-06,REF046,8,13
2025-05-20,REF037,7,15
2025-07-24,REF008,9,13
2025-11-01,REF003,7,18
2025-10-17,REF030,7,2
2025-05-21,REF007,4,2
2026-05-03,REF012,8,14
2025-07-16,REF026,9,13
2026-03-11,REF044,3,11
2025-07-31,REF010,1,8
2025-08-30,REF046,2,1
2025-10-24,REF035,3,18
2025-09-14,REF045,10,14
2026-04-01,REF018,6,4
2025-06-12,REF040,8,5
2025-09-01,REF034,3,8
2025-11-07,REF008,3,3
2025-06-21,REF041,5,4
2025-07-13,REF015,9,17
2026-05-18,REF003,3,3
2025-07-29,REF013,3,15
2026-01-28,REF013,4,3
2026-03-05,REF007,10,16
2026-01-22,REF017,8,16
2026-01-31,REF039,3,11
2025-05-31,REF041,2,6
2025-12-31,REF033,10,18
2025-12-24,REF015,1,16
2025-10-29,REF045,3,8
2026-03-03,REF049,10,1
2025-12-31,REF020,10,8
2025-08-03,REF042,10,8
2026-02-10,REF024,9,3
2026-01-31,REF008,10,6
2026-04-02,REF030,10,1
2025-08-03,REF037,3,11
2025-12-07,REF028,8,14
2025-10-23,REF034,4,18
2025-10-19,REF029,9,13
2026-04-22,REF025,5,20
2025-05-27,REF050,4,7
2025-08-17,REF013,2,6
2025-05-31,REF016,5,9
2025-09-13,REF023,3,20
2025-08-03,REF041,2,4
2026-02-20,REF002,1,7
2025-08-10,REF031,3,17
2025-06-05,REF009,4,10
2025-06-14,REF001,6,12
2025-10-18,REF008,10,17
2025-07-09,REF014,8,7
2025-06-24,REF028,4,8
2025-10-17,REF022,7,11
2026-02-18,REF004,9,8
2025-08-11,REF038,9,6
2025-09-07,REF021,5,13
2026-03-13,REF035,5,19
2025-05-20,REF038,5,14
2025-07-04,REF010,4,2
2025-05-29,REF018,4,7
2026-04-22,REF005,3,8
2025-07-11,REF012,9,3
2025-10-11,REF010,6,13
2025-07-10,REF006,9,13
2026-03-31,REF035,2,19
2026-01-10,REF009,6,4
2026-02-18,REF043,5,13
2026-01-04,REF040,2,15
2026-05-19,REF013,8,7
2025-06-16,REF046,9,10
2026-03-23,REF027,4,4
2026-05-05,REF007,1,9
2026-05-06,REF022,9,7
2025-08-04,REF038,4,17
2025-06-22,REF009,6,14
2025-06-06,REF037,7,7
2026-02-05,REF012,6,6
2025-11-15,REF041,7,4
2025-09-10,REF013,6,9
2025-11-11,REF030,9,6
2026-05-07,REF033,3,4
2026-01-21,REF039,7,11
2026-05-04,REF044,2,7
2026-03-08,REF007,1,6
2025-07-29,REF040,7,13
2025-09-04,REF049,3,19
2025-09-23,REF005,1,2
2026-03-30,REF046,5,12
2025-07-20,REF010,4,1
2025-06-04,REF013,9,4
2025-07-27,REF038,2,12
2026-02-15,REF033,10,3
2025-09-14,REF024,10,2
2026-02-22,REF028,2,15
2025-07-14,REF050,9,13
2025-12-12,REF019,6,17
2025-08-30,REF008,6,5
2026-03-02,REF012,7,17
2025-07-21,REF014,6,1
2026-02-15,REF038,2,19
2025-07-26,REF041,5,17
2025-12-21,REF049,6,5
2025-09-17,REF023,4,8
2025-09-18,REF016,9,14
2025-08-20,REF011,4,5
2025-07-27,REF019,3,11
2025-06-15,REF032,10,1
2026-04-27,REF008,6,12
2026-01-19,REF001,10,11
2025-10-18,REF028,3,8
2025-06-13,REF025,7,3
2025-09-21,REF043,9,5
2026-04-02,REF028,7,13
2026-05-01,REF042,4,3
2025-09-23,REF024,1,9
2025-12-08,REF037,4,14
2026-03-09,REF017,2,3
2025-06-03,REF033,7,16
2025-08-25,REF014,10,17
2025-12-24,REF025,3,4
2026-04-22,REF027,4,19
2025-12-06,REF038,2,16
2025-12-20,REF041,9,13
2026-01-18,REF042,4,11
2025-09-28,REF045,9,15
2025-06-12,REF023,6,1
2025-10-06,REF002,10,7
2025-07-30,REF001,6,17
2025-11-24,REF032,5,11
2025-12-17,REF020,1,2
2025-09-23,REF041,3,3
2026-05-10,REF014,8,14
2025-05-28,REF006,7,15
2025-09-09,REF025,1,5
2026-04-20,REF049,2,9
2025-11-06,REF024,8,6
2025-06-17,REF019,8,5
2026-02-03,REF017,2,5
2025-07-08,REF038,5,16
2026-03-20,REF016,6,15
2025-09-30,REF045,7,8
2025-10-28,REF020,2,7
2025-11-29,REF024,8,6
2025-10-06,REF044,4,10
2025-07-06,REF030,7,16
2025-12-08,REF009,6,5
2026-03-01,REF019,2,19
2025-10-13,REF035,2,18
2025-12-11,REF049,4,13
2026-02-23,REF050,4,4
2025-08-06,REF050,2,8
2025-10-25,REF021,5,7
2026-04-22,REF030,3,11
2026-01-24,REF010,10,14
2026-03-28,REF042,8,14
2026-01-10,REF035,10,18
2026-04-23,REF039,6,6
2025-11-01,REF003,10,2
2026-03-03,REF004,3,6
2025-12-30,REF003,2,4
2026-01-08,REF047,5,12
2025-09-25,REF032,7,2
2025-10-02,REF031,8,15
2026-02-08,REF012,10,1
2025-07-21,REF006,2,7
2026-05-15,REF036,9,14
2025-08-02,REF003,3,3
2026-02-28,REF012,4,18
2026-04-06,REF048,2,15
2025-09-24,REF006,10,7
2025-11-19,REF014,8,2
2026-05-15,REF033,3,15
2025-10-03,REF023,9,2
2025-09-27,REF022,5,10
2025-07-30,REF001,7,18
2025-12-16,REF038,5,17
2025-06-08,REF030,6,17
2025-12-01,REF049,1,12
2025-06-02,REF046,8,18
2026-04-16,REF025,5,7
2025-12-05,REF035,1,9
2025-11-18,REF023,8,8
2026-02-11,REF008,5,7
2026-01-05,REF050,5,4
2025-09-17,REF040,7,5
2025-10-26,REF029,6,12
2026-02-09,REF046,6,11
2025-10-31,REF034,8,15
2026-02-26,REF028,6,4
2025-09-06,REF022,8,10
2025-10-01,REF036,10,2
2025-07-08,REF037,5,1
2025-09-03,REF023,6,17
2026-05-15,REF045,3,8
2025-11-10,REF047,2,7
2025-11-01,REF036,6,11
2025-07-21,REF008,6,16
2026-01-15,REF046,8,12
2025-09-02,REF022,5,3
2026-01-04,REF027,9,10
2025-11-14,REF040,4,10
2025-05-22,REF039,10,15
2025-09-25,REF012,1,12
2025-07-30,REF036,2,16
2025-05-27,REF018,6,5
2025-07-19,REF042,1,20
2026-04-10,REF017,6,8
2025-09-15,REF046,10,20
2026-01-19,REF029,3,11
2026-01-11,REF023,6,8
2026-05-06,REF018,2,20
2025-05-25,REF047,3,10
2025-08-15,REF020,2,4
2025-10-17,REF023,9,7
2025-07-31,REF049,8,19
2025-11-19,REF003,3,15
2025-08-17,REF037,5,14
2025-11-20,REF022,1,1
2025-10-23,REF001,4,10
2026-02-17,REF018,8,5
2025-10-29,REF018,2,1
2026-02-23,REF016,1,14
2026-02-20,REF033,9,11
2026-04-01,REF040,9,4
2025-06-29,REF050,7,14
2026-02-09,REF026,10,9
2026-05-17,REF046,7,16
2025-08-02,REF021,1,10
2026-05-13,REF042,6,20
2026-03-14,REF014,3,2
2025-10-02,REF007,1,14
2026-02-16,REF001,4,8
2026-03-12,REF033,5,18
2025-11-24,REF001,7,4
2026-01-22,REF012,10,7
2025-11-22,REF020,7,17
2026-02-13,REF043,8,2
2026-04-07,REF014,3,6
2026-02-01,REF022,4,10
2026-01-27,REF008,7,1
2025-07-30,REF005,4,10
2025-08-12,REF025,5,1
2025-10-25,REF004,8,13
2025-08-23,REF019,10,15
2026-03-12,REF001,9,13
2025-12-20,REF034,3,17
2026-02-07,REF007,3,7
2026-01-02,REF030,2,1
2025-12-08,REF045,4,4
2025-08-05,REF024,5,4
2025-12-10,REF023,9,4
2026-04-03,REF008,1,1
2025-08-18,REF038,5,19
2025-10-07,REF036,10,17
2026-02-23,REF016,1,16
2025-12-20,REF024,6,17
2026-02-07,REF018,4,4
2025-12-21,REF020,5,13
2026-01-05,REF040,7,17
2026-02-13,REF030,8,5
2026-01-10,REF049,7,7
2025-06-18,REF029,1,14
2025-07-02,REF042,3,10
2025-06-26,REF012,9,12
2026-02-01,REF005,4,15
2026-02-16,REF049,3,5
2025-11-09,REF050,4,5
2025-12-19,REF049,8,7
2025-05-26,REF002,6,3
2026-02-18,REF022,2,3
2025-11-04,REF003,8,17
2025-06-24,REF013,6,1
2025-08-13,REF032,1,10
2025-11-03,REF045,4,17
2026-04-30,REF025,1,13
2025-11-15,REF045,2,12
2025-09-22,REF049,1,8
2026-01-29,REF018,3,8
2025-08-27,REF034,7,4
2025-08-13,REF002,8,1
2026-04-26,REF022,2,15
2025-09-20,REF016,8,3
2025-12-03,REF013,9,17
2025-12-25,REF029,3,14
2025-07-15,REF048,7,17
2025-09-18,REF023,8,20
2026-05-16,REF026,10,8
2025-09-29,REF028,7,12
2025-08-23,REF013,8,6
2026-03-13,REF031,2,13
2025-06-18,REF004,3,19
2026-01-10,REF027,9,7
2026-02-18,REF001,3,20
2025-09-12,REF024,6,15
2025-07-02,REF014,5,19
2025-09-05,REF045,8,7
2025-12-04,REF014,3,20
2026-03-11,REF005,4,7
2026-02-14,REF046,3,12
2025-09-20,REF026,8,10
2025-06-22,REF030,5,8
2025-07-03,REF027,9,14
2026-01-23,REF047,5,5
2026-01-19,REF007,2,12
2026-03-29,REF018,4,20
2026-01-04,REF050,5,14
2025-07-19,REF042,5,5
2026-01-22,REF020,3,6
2026-05-17,REF008,3,16
2025-06-17,REF019,6,10
2025-12-30,REF040,9,3
2025-08-09,REF039,3,15
2026-05-10,REF015,4,12
2026-03-16,REF035,2,5
2025-12-30,REF039,5,8
2026-05-13,REF037,6,19
2025-11-19,REF017,5,1
2026-01-16,REF033,1,19
2025-11-12,REF025,1,4
2026-04-06,REF014,6,16
2026-02-01,REF025,6,4
2025-12-24,REF037,1,2
2026-01-29,REF027,3,7
2026-05-11,REF014,5,3
2026-04-06,REF030,6,12
2025-11-16,REF014,7,3
2026-05-11,REF029,4,7
2026-04-24,REF043,8,6
2025-10-27,REF028,6,16
2025-12-07,REF024,3,9
2026-04-28,REF006,2,3
2025-06-24,REF018,8,20
2025-08-28,REF039,3,3
2025-11-08,REF046,3,19
2026-04-25,REF040,2,6
2025-06-04,REF012,4,11
2026-02-17,REF019,5,19
2025-09-06,REF016,4,4
2025-08-13,REF044,4,8
2025-11-01,REF006,5,9
2026-02-15,REF003,10,17
2025-11-12,REF011,7,7
2025-05-27,REF028,4,15
2026-04-23,REF032,8,6
2025-12-30,REF007,4,4
2026-02-12,REF043,10,20
2025-08-21,REF016,2,11
2025-10-04,REF029,8,2
2025-11-06,REF012,3,16
2025-09-24,REF027,9,9
2026-03-30,REF028,2,16
2026-01-14,REF037,9,11
2025-07-11,REF015,1,1
2026-03-13,REF013,1,7
2025-12-11,REF031,9,14
2025-06-05,REF031,7,17
2026-01-28,REF019,1,13
2026-01-18,REF047,3,20
2026-01-20,REF005,1,8
2025-09-28,REF006,2,17
2025-06-27,REF010,9,5
2026-02-25,REF024,2,8
2025-11-02,REF046,9,8
2025-12-01,REF014,10,4
2026-02-07,REF003,5,9
2026-03-08,REF006,1,20
2025-10-18,REF033,8,5
2025-11-02,REF043,2,14
2025-09-04,REF025,8,5
2026-01-15,REF020,7,10
2025-07-11,REF021,2,6
2026-01-30,REF031,1,17
2025-11-30,REF029,4,1
2025-07-18,REF027,2,10
2026-03-01,REF024,5,6
2025-11-26,REF002,7,13
2026-01-15,REF015,3,15
2026-04-30,REF023,6,3
2025-12-16,REF036,8,9
2025-10-05,REF043,2,18
2025-09-06,REF013,10,7
2026-03-15,REF024,5,5
2025-12-12,REF034,6,5
2025-08-04,REF017,3,2
2025-06-04,REF009,2,9
2026-02-02,REF032,5,14
2026-01-22,REF042,5,2
2025-09-16,REF049,3,14
2026-03-24,REF004,6,15
2026-03-28,REF013,4,20
2026-02-24,REF021,5,19
2025-06-03,REF027,7,9
2025-08-09,REF004,8,14
2026-02-20,REF003,1,5
2025-05-25,REF045,5,3
2025-06-13,REF045,3,8
2025-06-29,REF009,5,6
2025-07-08,REF050,9,15
2025-11-28,REF021,3,9
2026-02-07,REF009,10,13
2025-06-15,REF003,7,9
2025-10-07,REF006,3,17
2025-12-19,REF020,7,9
2026-01-16,REF001,5,12
2025-10-31,REF025,6,3
2026-03-23,REF046,5,11
2026-01-05,REF029,5,7
2026-05-02,REF006,7,4
2026-04-22,REF027,8,1
2026-03-15,REF041,4,17
2026-04-29,REF007,10,12
2026-04-30,REF015,5,19
2025-10-10,REF038,10,8
2025-11-02,REF030,5,14
2026-04-17,REF009,4,7
2026-04-23,REF032,6,13
2026-02-23,REF045,7,17
2025-06-29,REF017,6,8
2025-10-15,REF032,1,14
2025-10-06,REF029,2,7
2025-07-27,REF036,10,19
2025-12-15,REF010,5,4
2026-02-18,REF004,1,13
2025-05-19,REF037,8,5
2025-12-16,REF028,4,7
2025-05-29,REF032,1,9
2025-06-27,REF017,2,8
2026-01-06,REF026,10,16
2026-03-25,REF004,6,3
2026-01-17,REF043,5,18
2025-08-16,REF040,9,7
2025-06-03,REF025,1,8
2025-11-08,REF028,2,3
2025-07-06,REF014,5,4
2025-06-19,REF040,7,9
2026-03-09,REF026,6,5
2025-11-27,REF025,5,17
2025-10-12,REF016,2,12
2025-06-09,REF032,2,15
2025-08-08,REF018,5,1
2025-06-28,REF025,7,18
2025-12-25,REF034,4,4
2025-11-05,REF014,4,19
2026-04-01,REF003,8,18
2026-02-03,REF008,1,4
2026-05-16,REF017,5,20
2025-10-19,REF020,6,3
2025-07-03,REF015,9,7
2026-02-02,REF042,10,4
2025-12-02,REF047,7,14
2025-10-29,REF044,10,16
2025-10-15,REF033,4,12
2026-03-24,REF009,6,6
2025-10-20,REF006,2,19
2025-05-24,REF020,8,20
2025-11-09,REF016,8,15
2025-07-31,REF025,6,13
2025-06-23,REF048,6,9
2026-03-30,REF032,2,16
2025-07-04,REF035,1,1
2025-05-25,REF003,9,14
2026-03-26,REF045,8,6
2025-10-15,REF019,4,19
2025-12-26,REF017,5,2
2026-03-02,REF017,8,12
2026-04-29,REF012,3,3
2026-03-21,REF035,4,9
2025-07-04,REF036,5,2
2026-04-25,REF003,9,5
2025-07-26,REF031,6,3
2026-04-20,REF030,9,5
2025-08-06,REF025,5,6
2025-10-07,REF010,7,17
2026-02-08,REF033,7,4
2026-01-09,REF034,3,17
2026-01-13,REF048,1,8
2025-08-11,REF013,4,17
2025-06-30,REF009,9,11
2026-01-18,REF014,8,2
2025-12-20,REF037,4,6
2025-12-18,REF010,6,6
2025-07-28,REF008,5,19
2025-10-13,REF047,3,4
2025-07-24,REF023,4,13
2026-02-23,REF011,6,8
2025-12-14,REF023,9,5
2026-01-04,REF033,7,9
2025-11-09,REF013,9,16
2025-12-16,REF035,2,20
2026-03-01,REF019,8,7
2025-12-20,REF023,2,3
2026-05-13,REF018,7,13
2025-11-16,REF049,1,16
2026-02-25,REF021,2,1
2026-05-01,REF009,3,2
2025-11-14,REF012,7,2
2025-12-31,REF006,3,9
2026-05-12,REF016,7,11
2026-01-02,REF033,3,18
2025-10-11,REF024,3,11
2026-05-12,REF002,7,1
2025-07-24,REF025,2,2
2025-09-12,REF046,3,10
2026-05-14,REF026,3,5
2025-07-02,REF044,3,18
2025-08-20,REF043,6,5
2025-08-02,REF012,6,6
2025-08-16,REF023,9,11
2025-11-16,REF038,4,15
2026-03-20,REF018,10,19
2026-04-16,REF044,8,3
2026-02-02,REF034,3,3
2025-09-30,REF014,9,4
2026-03-23,REF028,6,9
2026-03-19,REF012,6,15
2025-12-30,REF049,3,17
2026-01-12,REF012,4,3
2026-04-18,REF039,9,11
2026-04-22,REF015,9,8
2025-09-25,REF047,3,3
2026-05-05,REF034,1,6
2026-04-06,REF038,10,10
2026-04-16,REF015,8,15
2026-03-17,REF008,4,12
2025-07-07,REF023,5,18
2026-03-06,REF031,8,7
2025-08-12,REF011,10,19
2025-12-08,REF016,3,11
2026-04-15,REF017,5,16
2026-03-05,REF030,8,17
2025-11-21,REF001,6,11
2025-12-20,REF039,5,11
2025-12-19,REF009,9,4
2025-11-20,REF020,3,7
2025-12-08,REF005,4,5
2026-03-07,REF042,2,20
2026-05-07,REF002,8,5
2026-04-12,REF006,4,8
2025-08-23,REF032,6,4
2025-08-08,REF018,5,9
2026-02-09,REF042,7,5
2025-09-22,REF004,8,11
2025-10-03,REF037,2,1
2025-05-21,REF014,9,10
2025-08-07,REF027,1,19
2025-12-08,REF006,1,2
2025-11-26,REF026,2,7
2025-05-24,REF040,6,4
2026-01-19,REF010,5,20
2025-12-21,REF039,8,1
2025-10-24,REF005,1,14
2025-06-09,REF044,10,4
2025-05-31,REF018,2,20
2026-03-30,REF003,8,1
2025-10-19,REF042,10,10
2025-07-26,REF038,2,4
2025-08-20,REF021,5,14
2025-06-06,REF041,4,17
2025-09-09,REF012,10,13
2025-10-11,REF002,8,11
2025-06-12,REF046,5,16
2025-08-21,REF044,3,15
2025-06-23,REF028,3,12
2026-03-28,REF012,1,1
2025-08-08,REF034,2,11
2026-04-06,REF003,7,6
2025-12-31,REF038,4,9
2026-05-04,REF004,7,4
2025-07-05,REF040,3,7
2025-08-03,REF020,5,16
2025-11-07,REF042,7,18
2025-09-21,REF043,7,19
2026-04-13,REF018,1,19
2026-01-26,REF022,2,7
2026-03-21,REF027,7,8
2026-02-25,REF045,10,14
2025-09-01,REF033,4,10
2025-05-20,REF043,6,10
2026-01-25,REF045,7,4
2025-06-17,REF008,10,19
2026-02-03,REF018,1,19
2026-01-28,REF046,4,20
2025-10-23,REF034,6,1
2025-07-25,REF022,10,14
2025-06-24,REF019,5,12
2025-08-09,REF020,5,1
2025-09-04,REF011,4,18
2026-01-24,REF005,3,13
2025-08-15,REF020,1,9
2025-08-26,REF008,4,13
2025-10-01,REF037,1,8
2025-09-26,REF049,6,1
2026-05-16,REF042,2,20
2026-05-08,REF024,7,2
2025-11-14,REF024,2,4
2025-09-05,REF048,10,9
2026-05-03,REF046,5,8
2026-04-17,REF012,7,15
2025-06-16,REF014,5,6
2025-07-24,REF006,1,20
2025-09-11,REF045,6,19
2025-06-19,REF031,9,6
2025-11-30,REF007,9,16
2025-07-04,REF050,8,13
2026-02-20,REF031,9,11
2025-06-07,REF014,10,5
2025-12-09,REF048,4,20
2025-08-31,REF027,10,2
2026-01-25,REF017,8,18
2025-11-23,REF023,3,18
2026-04-09,REF034,5,9
2026-03-29,REF044,7,2
2026-01-15,REF029,10,18
2026-02-16,REF047,1,9
2025-10-04,REF049,4,11
2026-02-26,REF040,4,10
2025-09-25,REF016,2,12
2025-09-07,REF029,5,5
2026-03-20,REF020,5,19
2026-05-16,REF031,6,20
2026-03-08,REF022,1,18
2025-10-25,REF008,9,12
2025-12-03,REF038,7,9
2026-01-27,REF004,3,12
2026-04-30,REF003,4,16
2026-04-26,REF039,8,15
2025-10-14,REF028,9,7
2026-02-05,REF039,8,11
2025-10-28,REF026,3,10
2025-08-31,REF003,1,3
2025-06-01,REF009,4,19
2026-03-20,REF018,2,20
2025-07-24,REF017,2,9
2025-08-08,REF020,8,10
2026-01-11,REF040,4,8
2025-11-15,REF046,7,8
2025-07-18,REF002,6,15
2026-02-03,REF025,6,13
2025-06-27,REF007,6,10
2026-04-19,REF004,9,6
2026-01-10,REF003,7,8
2026-01-04,REF033,7,15
2026-03-03,REF013,8,3
2025-07-13,REF037,1,10
2025-07-06,REF027,5,10
2025-07-20,REF041,9,17
2025-07-09,REF022,3,4
2025-11-13,REF047,8,6
2026-04-09,REF009,6,15
2025-11-18,REF029,9,8
2025-07-20,REF021,6,7
2025-11-18,REF025,7,11
2026-01-17,REF049,10,15
2025-07-30,REF009,2,14
2025-09-07,REF012,2,16
2025-06-05,REF033,6,16
2026-01-05,REF023,3,16
2026-03-13,REF017,8,9
2025-12-14,REF026,9,10
2026-02-11,REF003,3,3
2026-03-11,REF049,8,13
2025-06-11,REF039,5,3
2026-01-22,REF025,5,9
2025-05-24,REF026,10,11
2026-01-15,REF007,3,1
2025-09-07,REF018,2,15
2025-11-21,REF042,9,5
2025-12-31,REF037,6,15
2025-09-18,REF025,6,20
2026-02-06,REF026,5,2
2025-11-11,REF022,7,4
2025-12-27,REF001,4,12
2025-10-15,REF048,10,1
2025-12-25,REF028,8,15
2025-10-29,REF013,3,1
2025-11-22,REF030,7,3
2025-11-18,REF046,10,16
2025-10-24,REF007,2,8
2025-12-22,REF050,1,7
2025-10-18,REF013,10,8
2026-01-17,REF050,2,1
2025-11-16,REF048,4,18
2026-03-17,REF017,5,2
2025-07-03,REF042,6,5
2026-04-18,REF041,5,17
2026-04-11,REF005,8,12
2026-01-15,REF006,7,12
2026-02-21,REF002,2,17
2026-02-15,REF033,10,9
2025-08-18,REF001,5,3
2026-03-14,REF021,8,18
2026-05-10,REF006,2,19
2026-05-06,REF023,1,16
2025-05-29,REF009,5,17
2025-11-02,REF023,9,19
2026-02-28,REF041,7,11
2026-01-14,REF010,7,13
2026-03-15,REF014,9,20
2025-09-17,REF049,5,8
2025-07-31,REF039,2,8
2026-01-08,REF044,9,2
2025-06-18,REF042,9,8
2025-11-21,REF044,2,11
2026-01-17,REF043,8,3
2026-02-21,REF036,7,11
2025-10-21,REF025,6,12
2025-08-20,REF038,3,17
2025-11-04,REF037,2,2
2025-12-12,REF027,5,16
2026-03-10,REF025,6,6
2025-10-15,REF022,6,9
2026-03-25,REF007,4,2
2025-08-08,REF010,9,12
2026-04-20,REF037,5,16
2025-11-07,REF041,10,3
2025-05-25,REF037,2,5
2026-03-03,REF005,1,20
2026-04-12,REF047,9,13
2026-02-04,REF030,9,13
2026-01-05,REF041,5,6
2025-07-18,REF018,8,5
2025-08-25,REF003,3,8
2025-07-05,REF019,4,18
2025-09-25,REF015,1,8
2025-07-31,REF017,10,11
2025-10-29,REF041,10,19
2026-01-10,REF048,3,12
2026-04-15,REF032,3,2
2025-07-11,REF044,5,10
2025-05-20,REF017,6,9
2026-03-03,REF022,3,8
2025-06-29,REF037,5,4
2025-10-22,REF040,10,1
2026-03-08,REF007,9,20
2025-12-01,REF007,2,1
2025-08-11,REF030,7,4
2026-03-10,REF030,3,8
2025-08-05,REF043,7,4
2025-09-20,REF018,9,13
2026-04-20,REF027,9,12
2025-11-22,REF005,3,13
2025-06-01,REF045,1,12
2026-02-08,REF009,5,2
2025-10-09,REF013,8,14
2025-07-03,REF020,2,13
2025-11-23,REF032,9,5
2025-08-08,REF035,7,15
2026-04-21,REF008,6,13
2026-04-17,REF021,3,20
2025-12-03,REF018,6,15
2026-05-12,REF042,10,4
2025-06-13,REF030,7,12
2026-05-16,REF040,4,6
2025-06-28,REF037,7,2
2025-07-16,REF050,1,20
2026-03-24,REF002,10,14
2025-11-14,REF036,10,2
2025-12-25,REF010,7,13
2025-09-02,REF046,1,19
2026-03-30,REF004,10,18
2026-05-02,REF037,4,5
2026-03-05,REF046,6,17
2026-02-07,REF045,5,1
2026-01-13,REF021,9,18
2025-10-14,REF044,8,9
2026-03-15,REF045,8,7
2025-10-27,REF016,4,12
2025-11-25,REF004,5,3
2025-11-18,REF047,2,16
2025-09-14,REF008,5,15
2025-08-23,REF047,1,11
2026-01-24,REF036,10,9
2025-10-23,REF014,2,10
2026-01-28,REF044,6,14
2025-11-25,REF040,4,13
2026-01-02,REF044,9,4
2026-02-03,REF016,2,15
2025-07-03,REF044,1,16
2026-05-16,REF023,7,5
2025-12-07,REF043,5,1
2026-02-01,REF027,1,15
2025-11-27,REF029,6,14
2025-09-02,REF001,5,9
2025-09-23,REF007,1,14
2025-12-05,REF018,4,1
2026-01-06,REF021,1,11
2025-10-15,REF040,10,15
2026-03-10,REF046,1,10
2025-09-09,REF019,8,3
2025-06-01,REF033,8,10
2026-04-17,REF025,6,17
2025-09-01,REF024,1,8
2025-06-07,REF035,2,1
2025-08-10,REF046,9,16
2025-05-27,REF048,3,10
2026-04-17,REF040,3,10
2025-09-09,REF013,2,19
2025-05-23,REF040,3,1
2026-01-19,REF020,3,4
2026-04-05,REF041,10,3
2025-07-25,REF030,3,14
2026-01-15,REF009,1,11
2025-10-19,REF032,9,10
2025-09-26,REF050,1,4
2026-05-02,REF007,9,10
2026-02-11,REF017,2,15
2025-12-18,REF002,5,7
2025-09-11,REF021,4,12
2026-05-09,REF019,1,2
2026-03-31,REF011,9,1
2026-05-05,REF004,2,12
2026-01-18,REF022,10,11
2025-10-26,REF033,3,18
2025-10-31,REF002,8,2
2025-12-27,REF009,10,17
2025-11-08,REF024,10,8
2026-04-15,REF023,3,14
2025-11-13,REF015,5,15
2025-09-11,REF025,3,12
2025-09-01,REF028,9,19
2025-11-15,REF050,2,9
2025-09-20,REF006,4,17
2025-09-19,REF006,6,5
2026-01-12,REF050,3,9
2025-12-12,REF042,8,4
2026-04-25,REF036,3,8
2025-12-02,REF037,5,17
2025-12-27,REF049,9,5
2025-12-24,REF025,6,4
2025-10-27,REF038,4,12
2025-12-17,REF042,2,10
2025-06-18,REF023,4,20
2025-11-11,REF007,2,2
2025-05-30,REF008,2,1
2026-01-28,REF049,1,8
2025-08-14,REF037,2,9
2026-04-27,REF045,1,1
2025-10-31,REF013,10,1
2025-09-15,REF041,5,5
2026-03-28,REF014,3,11
2026-05-05,REF012,9,6
2025-06-06,REF018,9,3
2026-01-09,REF045,6,18
2025-06-20,REF047,10,3
2025-12-12,REF044,7,12
2025-05-29,REF029,10,14
2025-08-31,REF038,6,15
2026-02-11,REF041,3,7
2025-12-11,REF005,5,14
2025-05-28,REF021,10,6
2026-02-07,REF030,10,11
2026-01-29,REF021,8,1
2025-07-14,REF048,7,3
2026-02-03,REF004,6,8
2026-02-18,REF026,10,20
2025-08-31,REF030,4,14
2025-09-07,REF014,9,6
2025-05-24,REF022,1,9
2025-08-08,REF010,2,2
2025-06-16,REF014,6,4
2025-10-11,REF024,3,16
2025-06-30,REF029,7,9
2025-11-10,REF025,4,10
2026-04-29,REF036,6,14
2026-02-01,REF049,9,14
2025-07-01,REF048,7,10
2025-12-11,REF033,6,2
2025-12-13,REF027,9,7
2025-11-23,REF044,7,8
2025-09-14,REF031,4,15
2025-08-12,REF046,5,18
2026-04-10,REF029,2,3
2025-10-14,REF018,1,8
2025-07-10,REF025,4,11
2026-04-28,REF026,8,6
2026-05-05,REF048,9,3
2025-09-26,REF045,9,6
2025-10-15,REF041,10,7
2026-01-13,REF009,5,4
2025-07-04,REF043,8,12
2025-06-27,REF006,3,6
2025-09-19,REF047,2,9
2025-08-17,REF031,1,10
2025-09-26,REF029,5,10
2025-07-28,REF023,4,9
2025-10-09,REF044,7,17
2026-04-15,REF003,3,19
2026-02-03,REF006,9,7
2026-01-21,REF015,8,11
2025-12-02,REF049,6,3
2026-04-27,REF034,10,10
2025-08-02,REF010,8,17
2026-05-04,REF016,6,18
2026-03-30,REF017,5,12
2026-01-23,REF017,10,8
2025-10-03,REF003,10,18
2025-06-29,REF023,8,17
2026-05-15,REF016,4,8
2026-01-26,REF008,10,9
2025-12-31,REF042,1,10
2025-08-07,REF026,10,9
2025-07-06,REF009,3,13
2025-12-14,REF028,2,4
2025-07-13,REF049,7,2
2025-06-10,REF009,5,13
2025-11-14,REF010,4,15
2025-07-29,REF006,5,5
2026-02-13,REF016,9,16
2025-12-25,REF047,2,15
2025-10-30,REF009,3,17
2025-09-02,REF016,2,4
2025-05-25,REF013,1,12
2025-11-27,REF007,9,19
2025-07-30,REF010,5,8
2026-01-08,REF009,5,15
2025-10-09,REF009,6,14
2026-05-10,REF036,1,10
2025-07-01,REF006,2,6
2025-11-15,REF015,10,20
2025-10-04,REF042,7,8
2026-05-17,REF023,9,9
2026-03-10,REF040,7,15
2026-05-12,REF031,10,9
2025-05-22,REF044,3,18
2025-08-18,REF005,5,7
2025-06-28,REF048,9,6
2025-05-27,REF035,3,20
2026-02-13,REF001,8,12
2025-10-28,REF017,1,16
2025-12-30,REF006,7,13
2025-06-05,REF035,10,10
2025-10-06,REF046,5,7
2025-07-22,REF039,4,9
2025-07-29,REF010,2,20
2025-07-25,REF020,3,8
2025-06-28,REF013,2,9
2025-12-09,REF032,2,10
2025-08-13,REF037,6,1
2025-06-24,REF044,8,2
2026-02-05,REF035,1,1
2025-12-16,REF042,7,7
2025-10-01,REF021,4,15
2025-09-21,REF008,7,4
2025-06-03,REF006,2,2
2026-01-07,REF008,6,15
2025-09-20,REF019,10,16
2025-08-04,REF049,1,9
2025-09-20,REF007,1,9
2026-05-13,REF010,2,3
2025-06-18,REF044,2,2
2025-05-31,REF006,3,18
2026-04-19,REF034,4,7
2025-12-21,REF010,8,19
2025-09-24,REF007,8,4
2025-07-22,REF016,3,4
2026-03-31,REF027,8,12
2026-01-21,REF020,3,7
2026-01-28,REF048,3,1
2025-09-05,REF009,10,1
2025-09-04,REF019,6,18
2025-12-17,REF017,4,15
2025-08-31,REF008,4,4
2026-02-17,REF009,4,18
2026-02-27,REF024,3,9
2025-07-23,REF023,4,18
2026-02-01,REF046,2,13
2026-01-23,REF045,9,7
2025-10-17,REF036,5,9
2026-02-13,REF030,3,11
2025-12-14,REF002,8,5
2025-06-01,REF015,1,16
2025-11-07,REF042,4,8
2025-08-23,REF047,10,3
2025-06-24,REF001,4,18
2025-07-30,REF040,2,1
2025-06-05,REF027,10,11
2025-08-16,REF046,3,14
2025-11-21,REF022,7,13
2025-08-18,REF003,6,16
2026-01-01,REF038,5,7
2025-12-05,REF001,6,17
2025-05-31,REF041,10,9
2025-10-07,REF042,5,11
2025-11-12,REF036,4,6
2025-07-03,REF036,5,9
2025-10-14,REF009,4,20
2025-10-08,REF038,10,18
2025-05-25,REF040,2,9
2026-03-07,REF012,1,5
2025-11-20,REF042,2,1
2026-02-02,REF022,1,3
2025-08-24,REF018,5,6
2025-09-19,REF012,5,14
2025-11-01,REF020,10,20
2025-09-16,REF036,3,20
2025-05-21,REF044,4,14
2025-08-30,REF048,10,8
2026-01-21,REF009,5,18
2025-07-08,REF024,8,16
2025-10-25,REF043,3,8
2026-04-23,REF036,7,13
2026-02-03,REF019,10,5
2025-07-20,REF010,6,18
2026-02-18,REF044,4,14
2025-12-26,REF013,10,7
2025-12-09,REF010,9,5
2025-12-27,REF013,10,5
2025-12-14,REF044,4,18
2025-09-05,REF050,10,15
2025-06-03,REF019,9,9
2025-09-05,REF033,3,19
2026-04-28,REF020,7,10
2025-05-26,REF023,3,16
2026-02-09,REF012,7,11
2025-08-08,REF023,5,13
2026-02-14,REF028,3,3
2026-02-27,REF017,7,18
2025-06-16,REF027,10,17
2025-07-13,REF030,2,6
2026-03-06,REF003,10,7
2025-06-19,REF048,10,4
2025-12-18,REF041,4,13
2025-08-18,REF014,5,10
2025-09-13,REF032,9,6
2025-11-03,REF004,7,17
2025-06-23,REF038,5,9
2026-04-12,REF029,5,8
2025-07-30,REF019,4,16
2025-10-11,REF017,2,13
2026-03-15,REF009,10,20
2025-11-15,REF023,6,3
2025-07-07,REF041,3,18
2026-04-22,REF049,9,1
2025-10-25,REF037,1,13
2025-08-17,REF010,6,11
2026-02-13,REF033,6,2
2025-12-31,REF002,8,5
2025-10-12,REF049,2,3
2026-01-25,REF002,8,7
2026-02-20,REF050,7,16
2026-01-10,REF015,1,1
2025-09-10,REF050,10,6
2025-12-14,REF024,1,1
2025-11-12,REF002,7,12
2026-03-28,REF029,2,19
2026-01-05,REF030,10,14
2026-05-16,REF022,4,1
2026-01-18,REF005,7,9
2026-05-06,REF017,2,14
2025-09-14,REF015,2,19
2025-05-28,REF035,3,5
2025-08-18,REF013,7,14
2026-02-16,REF012,5,19
2026-03-25,REF029,10,11
2025-07-10,REF020,2,14
2025-10-21,REF015,5,5
2026-01-05,REF014,5,11
2025-09-26,REF018,2,3
2025-08-24,REF048,1,1
2026-05-11,REF009,2,10
2026-02-13,REF036,5,19
2025-08-17,REF038,5,1
2026-03-07,REF021,4,9
2026-05-14,REF030,2,3
2025-07-08,REF030,4,3
2025-07-02,REF004,4,10
2026-04-17,REF022,6,3
2025-10-25,REF015,8,19
2025-11-25,REF048,1,6
2025-07-04,REF050,8,13
2025-09-21,REF029,6,13
2025-07-06,REF025,7,18
2026-01-14,REF019,9,5
2026-01-14,REF020,7,19
2025-07-03,REF023,4,10
2025-09-19,REF050,6,16
2025-08-13,REF037,10,7
2025-08-03,REF022,2,7
2025-11-26,REF041,5,13
2026-01-03,REF010,3,13
2025-06-11,REF044,4,17
2025-10-05,REF012,10,5
2026-01-16,REF018,4,19
2025-08-14,REF010,8,2
2025-11-07,REF016,7,18
2026-02-01,REF015,6,17
2026-04-06,REF006,2,8
2025-10-30,REF024,10,20
2025-11-10,REF001,1,15
2026-05-19,REF039,1,17
2026-02-04,REF013,10,20
2025-11-03,REF003,9,16
2026-03-22,REF003,10,18
2025-12-09,REF042,3,5
2025-12-24,REF016,8,20
2025-12-10,REF024,8,10
2026-01-29,REF050,5,7
2025-07-10,REF048,6,14
2025-12-08,REF041,6,4
2026-02-10,REF010,3,4
2026-03-18,REF012,9,16
2026-02-24,REF047,1,5
2026-01-31,REF034,6,14
2025-11-14,REF030,4,18
2025-07-21,REF025,3,13
2025-06-18,REF044,6,20
2025-06-17,REF041,7,9
2025-06-23,REF029,6,6
2026-02-05,REF005,6,20
2026-04-06,REF024,1,10
2025-11-21,REF028,5,13
2026-05-11,REF013,3,1
2025-12-28,REF037,7,11
2025-10-05,REF049,8,13
2025-08-06,REF042,1,11
2026-04-14,REF049,2,20
2025-09-16,REF020,9,12
2025-07-08,REF002,4,8
2026-02-12,REF042,10,10
2025-09-30,REF047,4,12
2025-11-01,REF007,3,20
2026-02-09,REF039,1,14
2026-03-02,REF024,8,3
2025-07-15,REF044,7,13
2025-11-05,REF027,2,4
2026-02-07,REF008,2,15
2025-11-27,REF030,7,17
2025-08-15,REF048,9,9
2025-10-14,REF033,1,1
2026-04-15,REF046,8,9
2025-12-02,REF047,6,5
2026-03-29,REF026,10,11
2025-12-21,REF011,10,1
2025-12-08,REF044,8,1
2025-06-26,REF019,6,2
2026-04-16,REF031,6,12
2025-11-10,REF007,5,4
2026-04-14,REF017,8,10
2025-10-09,REF043,2,10
2026-02-21,REF003,4,4
2025-06-01,REF023,1,18
2025-10-08,REF029,10,10
2025-10-15,REF030,2,4
2025-10-16,REF032,3,19
2026-05-07,REF030,3,16
2026-02-13,REF046,5,10
2026-03-28,REF012,4,6
2025-06-20,REF013,1,4
2026-02-04,REF032,6,12
2025-12-07,REF038,3,10
2025-11-16,REF015,1,15
2025-06-13,REF043,10,20
2025-06-15,REF034,8,20
2025-08-16,REF018,6,9
2025-07-14,REF011,1,10
2026-05-06,REF038,6,6
2025-08-30,REF044,4,8
2025-05-26,REF044,8,1
2025-10-13,REF041,6,3
2025-10-07,REF011,3,8
2026-03-27,REF048,7,10
2025-05-23,REF026,6,14
2025-11-26,REF039,10,18
2025-08-28,REF004,4,12
2026-02-19,REF024,3,10
2026-05-17,REF048,2,5
2026-04-03,REF016,8,15
2026-04-06,REF022,10,6
2026-03-17,REF014,4,13
2025-07-31,REF014,8,7
2025-07-19,REF014,10,18
2025-08-18,REF041,7,5
2026-03-22,REF009,8,11
2026-01-11,REF009,10,4
2025-10-13,REF012,10,18
2025-06-22,REF050,5,7
2026-05-12,REF002,1,9
2025-09-03,REF046,2,1
2025-08-27,REF046,1,19
2025-11-05,REF008,10,18
2025-11-09,REF033,3,10
2025-07-15,REF016,6,18
2025-10-20,REF046,2,15
2025-10-08,REF020,7,15
2026-04-19,REF014,7,17
2025-11-29,REF048,10,10
2026-05-09,REF001,10,18
2026-03-23,REF041,1,7
2025-09-13,REF010,3,5
2025-07-15,REF040,3,14
2025-06-23,REF036,2,12
2025-12-22,REF008,7,4
2025-12-12,REF012,10,12
2025-11-25,REF030,6,16
2026-05-07,REF010,4,1
2026-02-21,REF002,1,9
2026-04-04,REF050,5,18
2025-09-11,REF015,3,1
2026-05-19,REF006,5,9
2025-08-26,REF016,4,10
2026-03-19,REF002,5,20
2025-12-11,REF048,8,12
2025-12-18,REF027,10,4
2025-06-22,REF042,9,18
2025-05-23,REF008,5,18
2025-06-13,REF023,6,7
2025-12-05,REF048,5,8
2026-03-19,REF035,9,19
2025-10-06,REF041,5,2
2025-08-30,REF015,8,8
2026-01-07,REF044,10,8
2026-01-21,REF013,1,8
2026-03-30,REF044,8,4
2025-08-28,REF028,7,12
2025-11-04,REF014,7,20
2026-01-16,REF034,8,3
2025-08-07,REF017,6,17
2026-01-29,REF013,4,5
2025-05-20,REF038,9,20
2025-08-06,REF024,8,18
2025-08-13,REF027,8,7
2026-02-12,REF043,1,11
2026-02-06,REF025,6,19
2025-11-11,REF038,1,13
2025-06-03,REF016,3,16
2025-07-08,REF005,8,20
2026-03-10,REF002,9,6
2025-12-18,REF045,1,1
2025-07-31,REF041,6,7
2026-02-01,REF027,9,16
2026-02-05,REF005,5,9
2025-08-18,REF038,7,14
2025-09-17,REF008,5,20
2025-08-22,REF034,7,5
2025-08-25,REF021,7,13
2025-09-08,REF036,1,14
2025-07-04,REF033,5,8
2026-01-16,REF003,9,17
2026-03-28,REF029,2,12
2026-01-26,REF023,9,14
2026-03-11,REF013,5,8
2025-07-16,REF036,8,8
2026-01-31,REF034,9,13
2025-09-28,REF009,4,19
2026-02-27,REF043,2,11
2025-10-16,REF023,6,14
2025-06-12,REF022,3,6
2025-09-14,REF023,4,19
2026-04-06,REF045,10,15
2025-07-08,REF041,8,20
2025-10-30,REF005,7,4
2025-05-29,REF014,4,12
2026-05-07,REF001,8,3
2026-04-05,REF021,2,8
2025-05-25,REF024,8,8
2025-08-09,REF001,6,3
2026-01-26,REF049,5,12
2026-03-18,REF024,6,12
2026-01-23,REF048,5,13
2026-02-17,REF017,10,6
2025-07-20,REF027,1,9
2026-05-15,REF027,6,8
2025-08-14,REF024,4,12
2026-01-14,REF012,4,12
2025-10-13,REF023,9,9
2026-05-07,REF009,10,15
2026-01-15,REF032,4,9
2026-01-29,REF015,5,7
2025-12-17,REF015,2,7
2026-04-10,REF036,8,2
2026-05-07,REF021,6,2
2025-06-05,REF036,4,10
2025-10-04,REF001,6,16
2026-01-06,REF025,5,19
2026-03-17,REF039,1,3
2025-10-01,REF006,7,4
2025-08-30,REF050,4,4
2026-01-07,REF003,4,14
2026-04-13,REF047,1,4
2025-07-28,REF046,6,6
2026-02-23,REF047,1,7
2025-12-10,REF020,9,8
2026-04-02,REF013,8,2
2025-10-14,REF049,8,13
2025-06-06,REF036,3,4
2025-11-13,REF014,1,19
2025-11-03,REF027,8,13
2025-06-18,REF031,3,20
2026-05-12,REF019,5,17
2025-09-19,REF020,4,6
2025-08-04,REF003,6,2
2025-08-13,REF039,9,17
2025-09-06,REF004,6,10
2025-06-24,REF044,10,5
2026-04-10,REF047,3,15
2026-01-11,REF046,9,14
2025-06-08,REF003,9,12
2025-07-01,REF020,2,8
2026-04-22,REF023,1,18
2026-04-09,REF034,1,11
2025-09-18,REF031,7,18
2025-10-29,REF025,7,11
2025-09-19,REF016,7,15
2025-10-14,REF015,2,19
2025-09-28,REF038,3,3
2026-02-04,REF017,2,17
2025-10-02,REF017,5,13
2026-03-15,REF043,5,15
2025-09-29,REF049,7,20
2026-05-10,REF021,4,13
2026-04-01,REF033,5,13
2025-06-07,REF037,4,10
2025-05-20,REF020,3,18
2025-10-22,REF027,2,16
2025-12-06,REF050,6,3
2026-02-17,REF050,2,3
2025-12-01,REF015,9,3
2025-07-18,REF038,9,11
2025-11-21,REF011,6,11
2026-01-10,REF012,10,2
2026-02-14,REF024,9,18
2025-10-06,REF049,1,16
2026-01-19,REF010,2,15
2025-07-28,REF019,7,20
2025-09-03,REF030,3,10
2026-03-03,REF024,6,1
2025-08-21,REF016,6,10
2025-10-25,REF031,2,20
2025-08-02,REF032,7,14
2026-01-23,REF036,9,11
2025-12-15,REF029,5,20
2026-01-09,REF027,8,14
2025-11-11,REF023,8,3
2025-07-09,REF002,8,11
2025-10-16,REF028,1,17
2025-08-05,REF011,10,16
2025-05-31,REF008,4,7
2025-05-28,REF009,6,11
2026-02-21,REF040,6,11
2025-12-18,REF030,9,19
2025-10-10,REF023,6,15
2025-12-07,REF012,1,15
2025-08-13,REF028,6,9
2025-11-12,REF050,2,12
2025-12-11,REF026,7,19
2025-07-16,REF027,6,6
2025-12-11,REF005,9,20
2025-09-17,REF015,1,3
2025-07-08,REF013,2,16
2025-10-14,REF049,1,17
2026-03-15,REF003,6,13
2025-08-29,REF038,7,9
2026-05-16,REF016,1,5
2026-03-10,REF013,10,8
2025-12-08,REF017,4,19
2025-08-21,REF006,8,11
2025-12-11,REF043,2,9
2025-07-31,REF016,10,6
2025-10-26,REF046,5,4
2025-08-10,REF039,3,8
2025-10-05,REF013,1,19
2026-05-05,REF041,3,20
2026-05-17,REF038,4,5
2025-11-07,REF015,2,9
2026-05-11,REF001,4,13
2025-07-03,REF040,8,15
2025-06-10,REF018,10,7
2025-06-19,REF030,3,6
2026-04-07,REF046,9,13
2025-11-19,REF015,6,20
2025-12-09,REF048,2,9
2026-04-07,REF049,4,4
2025-12-04,REF040,10,4
2025-07-04,REF038,4,16
2026-02-07,REF028,4,8
2026-03-05,REF014,1,13
2026-01-04,REF031,3,15
2025-08-21,REF009,7,20
2026-05-13,REF029,5,8
2025-11-29,REF038,1,8
2025-07-29,REF046,3,9
2026-02-27,REF015,2,7
2026-05-10,REF011,7,14
2025-11-13,REF026,8,16
2025-12-01,REF002,9,18
2025-05-31,REF005,10,19
2025-12-04,REF013,9,2
2025-11-10,REF004,3,4
2025-06-20,REF023,5,5
2025-11-16,REF045,10,5
2026-02-19,REF045,10,8
2026-03-03,REF022,10,10
2025-11-27,REF035,7,18
2026-02-28,REF022,1,14
2025-08-03,REF044,4,13
2026-01-31,REF042,6,4
2026-03-25,REF032,3,18
2025-12-11,REF008,3,2
2025-06-24,REF034,7,18
2026-04-24,REF043,4,9
2025-07-26,REF007,7,7
2025-12-15,REF003,8,3
2025-09-11,REF039,4,7
2025-12-10,REF003,4,10
2026-04-26,REF020,3,8
2025-11-21,REF039,9,15
2026-01-12,REF001,6,5
2025-07-19,REF020,10,14
2025-11-07,REF005,1,5
2026-02-12,REF037,3,15
2025-05-22,REF040,2,17
2025-07-11,REF037,3,19
2026-01-12,REF007,4,4
2025-05-20,REF035,9,15
2026-02-13,REF026,9,1
2025-06-11,REF005,4,17
2025-06-19,REF035,9,2
2025-12-19,REF005,1,4
2026-05-12,REF007,5,2
2025-12-25,REF021,7,5
2025-12-05,REF023,3,18
2026-01-31,REF017,8,14
2026-03-23,REF012,10,3
2025-07-23,REF010,5,13
2026-01-18,REF044,8,20
2026-04-10,REF049,7,3
2025-08-16,REF049,2,1
2025-11-03,REF038,10,19
2025-12-20,REF016,6,14
2026-03-09,REF046,3,8
2025-06-30,REF029,4,19
2025-10-19,REF025,2,12
2026-01-03,REF007,6,13
2026-03-15,REF032,9,6
2026-02-22,REF034,3,5
2025-12-07,REF011,1,17
2025-11-07,REF008,10,10
2025-11-21,REF017,7,5
2025-10-26,REF026,5,12
2026-04-04,REF022,7,1
2025-08-19,REF037,6,8
2026-01-16,REF039,2,7
2025-07-27,REF034,2,20
2026-02-10,REF042,10,15
2026-04-07,REF047,10,9
2025-06-20,REF002,5,9
2025-06-14,REF006,3,19
2025-10-07,REF040,4,18
2025-08-29,REF044,1,11
2025-09-28,REF034,10,6
2025-05-20,REF038,10,20
2026-01-19,REF038,2,7
2026-01-27,REF042,8,18
2026-03-08,REF050,9,20
2026-01-05,REF013,3,4
2025-10-25,REF004,10,20
2025-08-01,REF009,9,12
2025-09-14,REF019,1,13
2026-01-15,REF049,3,11
2025-12-19,REF035,8,20
2026-04-29,REF010,3,15
2025-10-21,REF011,4,1
2025-11-12,REF017,5,9
2025-06-08,REF012,5,8
2026-04-12,REF015,1,19
2025-10-21,REF005,4,1
2025-07-08,REF047,5,14
2026-05-01,REF035,8,10
2025-06-27,REF046,3,18
2025-07-09,REF043,4,13
2026-05-15,REF034,10,19
2025-11-11,REF046,5,11
2025-11-20,REF002,9,20
2025-05-23,REF039,5,4
2026-03-08,REF016,1,5
2025-07-21,REF047,4,7
2025-12-29,REF033,7,20
2025-09-15,REF032,6,19
2026-03-26,REF027,4,11
2026-02-19,REF042,4,7
2026-03-09,REF004,5,4
2026-05-14,REF040,3,11
2025-06-23,REF015,2,14
2025-09-15,REF015,6,8
2026-02-28,REF014,10,9
2025-07-15,REF021,1,10
2026-02-28,REF004,1,12
2026-04-17,REF010,9,16
2026-05-01,REF020,3,13
2026-05-08,REF027,6,15
2025-07-24,REF012,4,14
2025-07-14,REF033,5,9
2025-05-27,REF003,2,19
2026-03-15,REF013,3,6
2026-02-18,REF037,9,18
2026-01-27,REF003,4,10
2025-07-04,REF020,2,3
2025-05-30,REF026,1,5
2026-04-16,REF021,8,18
2025-09-03,REF028,4,15
2025-11-08,REF026,5,8
2026-01-05,REF036,6,8
2025-07-06,REF040,9,19
2026-03-29,REF046,5,3
2026-02-18,REF018,4,12
2025-12-02,REF033,5,12
2025-11-28,REF001,3,5
2025-09-12,REF050,6,1
2026-04-05,REF025,6,1
2025-07-22,REF039,6,11
2026-03-19,REF032,4,16
2025-11-01,REF043,3,17
2025-09-20,REF042,2,7
2025-07-17,REF019,5,12
2026-03-11,REF038,2,20
2026-04-29,REF014,5,12
2026-01-03,REF015,4,13
2026-05-08,REF010,8,14
2025-10-05,REF009,5,13
2025-08-29,REF050,8,10
2025-08-03,REF006,2,6
2025-06-30,REF045,6,9
2025-08-29,REF029,8,1
2025-07-28,REF042,2,16
2025-07-15,REF039,9,4
2025-05-27,REF034,3,7
2025-07-04,REF015,7,9
2025-12-18,REF043,4,7
2026-04-09,REF035,8,4
2026-04-15,REF028,1,3
2025-07-31,REF045,5,12
2025-09-25,REF038,1,7
2026-02-21,REF029,7,16
2026-04-26,REF041,9,8
2025-06-25,REF019,8,12
2025-06-03,REF006,3,3
2025-10-30,REF003,3,15
2026-05-03,REF023,6,2
2025-11-14,REF029,4,17
2025-10-11,REF044,7,18
2026-03-14,REF023,8,3
2026-05-19,REF047,10,20
2026-03-23,REF017,8,16
2026-04-13,REF038,4,14
2025-07-06,REF019,7,2
2025-09-09,REF036,10,6
2025-08-20,REF027,1,15
2025-10-07,REF033,6,19
2026-03-09,REF012,8,1
2026-04-16,REF004,3,8
2025-09-03,REF021,5,4
2025-07-19,REF012,10,10
2025-07-27,REF049,10,6
2026-01-10,REF023,1,7
2025-11-08,REF047,10,3
2025-05-23,REF047,4,12
2025-07-20,REF005,8,11
2026-01-06,REF044,9,7
2025-07-14,REF025,1,17
2025-09-23,REF011,6,3
2026-01-04,REF014,4,14
2025-08-05,REF020,5,18
2026-01-12,REF040,2,3
2025-10-05,REF041,7,19
2026-01-07,REF032,4,12
2025-05-21,REF048,8,20
2026-02-16,REF014,3,17
2025-09-04,REF011,10,2
2026-02-18,REF014,7,4
2026-04-11,REF044,9,5
2025-10-19,REF039,5,1
2025-07-31,REF043,4,15
2025-08-07,REF032,9,14
2026-01-16,REF016,4,18
2025-07-21,REF020,1,8
2026-03-30,REF028,9,10
2025-12-29,REF001,2,19
2025-08-28,REF023,9,15
2025-11-12,REF004,4,11
2025-11-06,REF042,3,6
2026-04-27,REF035,2,20
2025-08-06,REF012,1,10
2026-02-06,REF031,9,17
2025-05-31,REF023,3,7
2025-08-06,REF010,1,1
2026-01-28,REF048,3,18
2025-10-22,REF012,9,15
2025-11-21,REF008,3,2
2025-07-30,REF012,1,6
2025-08-04,REF010,4,5
2025-05-29,REF035,2,11
2025-11-02,REF032,2,12
2025-07-25,REF044,5,16
2025-08-30,REF036,9,3
2026-03-06,REF032,6,10
2026-01-31,REF041,8,19
2026-02-04,REF036,5,4
2026-04-14,REF039,1,5
2025-07-09,REF018,7,20
2025-06-16,REF040,1,5
2026-03-24,REF010,6,15
2025-11-28,REF015,3,14
2025-09-27,REF016,8,7
2026-03-12,REF005,1,4
2025-07-07,REF036,7,2
2025-09-30,REF004,8,18
2025-12-15,REF046,2,15
2025-10-17,REF031,9,17
2026-05-15,REF016,10,8
2025-12-07,REF015,10,15
2025-10-24,REF021,7,14
2026-04-28,REF009,1,18
2025-12-19,REF018,9,8
2026-02-17,REF010,3,11
2025-10-21,REF032,7,1
2025-12-07,REF032,4,8
2025-07-27,REF038,9,6
2026-02-23,REF005,2,2
2025-08-25,REF003,10,15
2026-01-05,REF033,6,5
2025-10-01,REF014,6,3
2026-04-17,REF007,9,8
2026-02-11,REF045,10,20
2025-05-19,REF014,7,16
2026-04-12,REF016,6,4
2025-07-23,REF038,3,19
2026-01-15,REF023,7,15
2025-06-04,REF017,1,8
2025-06-11,REF027,2,9
2025-08-31,REF021,9,2
2025-08-08,REF022,4,4
2025-07-14,REF035,10,5
2025-07-19,REF023,4,13
2025-07-08,REF049,10,20
2025-07-26,REF032,10,1
2025-09-20,REF031,10,13
2025-10-03,REF041,2,20
2026-03-08,REF031,8,15
2025-12-22,REF010,9,3
2025-10-30,REF035,1,5
2025-11-14,REF014,3,14
2025-06-19,REF044,9,17
2026-01-12,REF030,8,5
2025-09-03,REF020,7,5
2025-06-24,REF048,6,2
2025-07-06,REF015,5,9
2026-03-13,REF023,1,4
2026-01-01,REF025,10,1
2025-12-13,REF030,9,11
2025-07-20,REF018,2,7
2025-08-12,REF020,5,7
2025-12-16,REF001,9,16
2025-08-20,REF011,4,7
2025-08-11,REF014,3,14
2025-12-10,REF042,1,2
2025-07-28,REF009,7,12
2026-03-10,REF028,7,20
2026-04-23,REF018,8,12
2026-03-14,REF041,10,17
2026-02-23,REF010,3,15
2025-11-05,REF047,2,10
2026-04-15,REF004,6,8
2026-05-13,REF015,6,19
2025-08-23,REF047,1,4
2025-10-15,REF049,3,13
2026-01-16,REF035,1,8
2026-01-26,REF024,2,16
2025-10-03,REF037,5,3
2025-11-20,REF036,10,14
2026-02-15,REF041,1,9
2026-04-29,REF031,4,13
2026-03-21,REF021,1,12
2025-06-23,REF019,7,1
2026-04-14,REF012,1,4
2025-07-25,REF027,8,19
2026-02-19,REF006,1,10
2025-10-18,REF022,2,9
2025-06-20,REF044,6,18
2025-12-13,REF003,5,7
2026-03-23,REF017,7,16
2025-09-17,REF030,6,12
2026-01-08,REF040,5,18
2026-02-14,REF024,4,17
2025-10-08,REF039,1,11
2026-05-04,REF020,7,6
2025-11-05,REF028,4,11
2026-03-10,REF031,10,4
2025-09-28,REF045,7,1
2025-10-17,REF039,3,14
2025-12-04,REF002,1,4
2025-07-20,REF010,2,5
2025-06-02,REF015,10,10
2026-04-04,REF039,10,8
2026-01-12,REF018,7,10
2025-05-25,REF045,1,2
2025-11-03,REF002,4,18
2025-09-23,REF008,6,9
2026-04-08,REF016,4,16
2025-11-30,REF003,4,12
2026-04-03,REF033,4,11
2025-11-28,REF028,10,14
2026-02-28,REF011,1,10
2025-11-08,REF011,5,11
2025-10-04,REF025,9,14
2025-10-09,REF013,4,4
2025-06-14,REF030,1,7
2025-12-18,REF002,9,20
2025-06-06,REF010,6,8
2025-12-31,REF020,4,8
2026-02-02,REF008,6,6
2025-10-04,REF008,2,16
2025-10-15,REF006,1,16
2025-10-04,REF044,10,11
2026-04-04,REF022,10,6
2025-09-23,REF026,3,20
2025-05-31,REF021,1,13
2025-09-14,REF050,4,13
2025-12-19,REF017,6,10
2025-08-22,REF004,10,11
2025-12-28,REF048,6,6
2025-08-30,REF047,5,8
2025-09-26,REF015,1,15
2025-06-26,REF046,5,7
2025-08-30,REF023,4,11
2025-12-22,REF017,4,1
2025-07-16,REF022,10,18
2025-09-28,REF013,2,8
2026-02-27,REF042,9,6
2025-11-21,REF021,4,13
2026-01-04,REF017,8,7
2026-05-09,REF007,7,7
2025-10-29,REF034,3,10
2026-05-01,REF005,4,11
2025-08-09,REF001,3,19
2025-12-09,REF022,10,3
2025-12-11,REF013,8,5
2025-09-13,REF023,3,7
2025-12-21,REF007,10,13
2025-12-21,REF004,5,15
2025-10-20,REF042,2,15
2025-07-14,REF017,6,11
2025-07-11,REF046,1,18
2025-08-17,REF001,9,11
2025-06-08,REF036,1,3
2025-12-04,REF043,1,12
2026-03-19,REF050,8,12
2025-10-17,REF034,2,4
2025-07-07,REF042,5,9
2025-10-29,REF002,3,8
2025-05-20,REF014,8,3
2025-07-25,REF030,9,18
2026-04-04,REF008,5,5
2026-03-22,REF024,7,12
2025-07-07,REF044,8,7
2026-04-16,REF014,5,11
2026-01-04,REF033,10,16
2025-11-26,REF005,1,14
2026-02-08,REF024,5,18
2025-08-15,REF007,6,10
2026-04-30,REF019,7,15
2025-09-26,REF002,2,3
2025-07-15,REF012,7,15
2026-03-11,REF048,2,4
2025-06-18,REF023,1,10
2025-06-20,REF026,6,10
2026-02-25,REF012,3,9
2025-10-04,REF039,4,1
2025-08-23,REF012,10,7
2026-02-20,REF026,2,17
2026-01-31,REF013,9,13
2025-08-10,REF045,7,3
2026-01-14,REF027,2,1
2026-01-26,REF045,5,16
2025-06-13,REF030,2,7
2025-11-19,REF002,1,19
2025-11-12,REF013,9,19
2025-08-23,REF024,3,6
2025-12-06,REF026,5,19
2025-08-16,REF027,9,9
2025-06-14,REF047,9,12
2026-05-12,REF032,1,12
2025-12-15,REF005,5,18
2025-05-31,REF044,4,1
2026-01-17,REF016,9,6
2025-11-07,REF022,6,3
2025-10-10,REF042,1,10
2026-02-15,REF050,2,3
2025-11-04,REF020,7,11
2025-07-07,REF040,4,7
2025-12-28,REF031,5,4
2025-07-15,REF018,3,8
2026-01-17,REF019,1,17
2026-05-18,REF011,1,18
2025-12-25,REF005,2,1
2025-06-28,REF035,2,11
2025-08-06,REF012,1,19
2025-10-04,REF034,5,18
2025-08-06,REF040,5,1
2025-06-15,REF034,6,16
2025-11-08,REF049,7,2
2025-10-18,REF004,8,1
2026-05-02,REF039,9,16
2025-07-07,REF017,4,18
2025-06-20,REF044,2,2
2026-05-18,REF038,9,13
2025-07-29,REF031,6,16
2025-08-14,REF027,10,1
2025-07-20,REF033,1,11
2025-05-28,REF016,1,10
2025-06-28,REF041,6,17
2025-09-19,REF043,9,18
2025-12-30,REF040,9,7
2026-03-11,REF024,6,10
2026-03-18,REF032,6,9
2025-08-14,REF012,5,16
2025-12-06,REF015,8,18
2026-03-09,REF007,9,18
2025-10-10,REF021,5,16
2026-03-09,REF030,10,10
2025-12-28,REF043,9,2
2026-01-29,REF033,7,11
2026-01-18,REF010,7,12
2026-01-23,REF049,8,6
2026-03-20,REF025,9,6
2025-07-08,REF010,6,3
2025-09-06,REF024,3,13
2026-01-26,REF007,5,17
2025-09-24,REF049,8,3
2026-04-11,REF001,1,12
2026-03-30,REF002,4,18
2025-10-28,REF050,1,1
2025-06-10,REF033,1,6
2025-10-24,REF042,4,17
2025-06-18,REF016,4,12
2025-07-02,REF015,1,6
2025-10-11,REF002,7,19
2026-02-20,REF025,5,19
2025-07-17,REF028,8,18
2025-12-26,REF007,2,20
2025-08-23,REF039,8,6
2025-11-22,REF031,9,7
2025-11-11,REF036,10,13
2026-04-15,REF022,5,15
2026-01-16,REF040,10,10
2025-07-19,REF027,10,3
2025-07-28,REF019,7,8
2025-12-02,REF027,8,4
2025-10-30,REF006,10,17
2026-01-12,REF010,8,1
2025-09-08,REF033,1,12
2026-01-20,REF031,9,16
2025-08-18,REF047,10,1
2026-03-11,REF023,6,5
2025-12-14,REF012,2,12
2025-10-07,REF013,9,6
2026-03-14,REF031,7,11
2026-01-22,REF031,7,14
2025-09-17,REF026,6,19
2026-03-14,REF010,8,19
2026-03-11,REF020,10,11
2026-01-22,REF027,2,7
2026-04-19,REF008,5,4
2025-05-30,REF031,2,14
2026-01-28,REF016,9,19
2025-08-23,REF036,7,7
2025-08-19,REF010,6,18
2025-11-22,REF032,6,7
2025-10-07,REF044,3,2
2025-12-22,REF049,2,2
2025-10-26,REF012,4,17
2025-06-17,REF050,1,20
2025-11-27,REF047,2,9
2025-06-25,REF015,2,20
2025-11-23,REF039,10,12
2026-01-20,REF042,6,6
2025-09-04,REF020,2,20
2026-02-05,REF039,4,14
2025-09-01,REF037,10,18
2026-01-24,REF033,3,3
2025-11-30,REF013,10,5
2025-06-26,REF002,3,11
2025-05-26,REF019,8,7
2026-01-07,REF011,10,6
2025-10-03,REF010,7,20
2025-08-09,REF035,3,1
2026-04-22,REF030,1,2
2025-10-23,REF044,2,7
2025-07-18,REF041,2,5
2025-07-22,REF002,6,14
2026-04-26,REF032,2,17
2025-11-18,REF005,8,19
2025-11-23,REF043,4,15
2026-04-06,REF024,1,6
2026-01-13,REF013,2,4
2026-01-22,REF050,5,7
2026-02-04,REF035,2,4
2026-05-04,REF042,4,11
2025-08-31,REF030,6,20
2025-10-03,REF008,10,7
2026-02-06,REF009,8,16
2025-07-20,REF010,10,13
2026-05-06,REF023,5,14
2026-03-09,REF002,9,7
2025-06-07,REF035,1,10
2025-12-26,REF006,1,5
2025-11-27,REF047,7,2
2026-02-14,REF034,8,4
2026-05-10,REF005,5,8
2025-06-19,REF025,3,15
2025-07-04,REF009,10,11
2026-02-12,REF048,8,18
2026-04-28,REF047,6,9
2026-01-18,REF008,8,8
2025-08-20,REF035,5,19
2025-07-06,REF032,4,14
2025-07-19,REF028,2,10
2026-05-16,REF048,7,9
2025-10-28,REF017,4,17
2025-07-03,REF047,4,12
2025-08-06,REF004,10,2
2026-05-07,REF032,9,16
2025-12-14,REF021,3,13
2026-04-17,REF004,6,9
2025-07-14,REF023,1,13
2026-02-04,REF044,10,1
2025-07-02,REF003,2,16
2026-04-22,REF048,2,6
2025-11-16,REF036,3,3
2025-12-15,REF005,7,14
2026-02-07,REF016,3,3
2025-05-31,REF039,5,8
2025-07-20,REF015,5,19
2026-02-14,REF044,3,18
2025-07-06,REF025,5,10
2025-07-26,REF029,9,20
2025-06-15,REF043,10,4
2025-12-06,REF027,2,6
2026-02-09,REF021,4,2
2025-10-27,REF027,9,17
2025-05-24,REF008,1,16
2026-03-06,REF044,1,8
2025-11-30,REF047,5,7
2026-01-20,REF032,5,19
2025-08-16,REF017,9,8
2025-08-17,REF004,4,7
2025-06-14,REF009,5,3
2026-04-22,REF011,9,1
2026-01-02,REF015,7,13
2026-05-08,REF050,7,10
2026-01-06,REF050,7,3
2026-05-09,REF038,2,1
2026-02-10,REF020,5,16
2025-07-11,REF018,5,5
2025-11-11,REF047,10,4
2025-10-16,REF007,2,9
2025-06-19,REF028,4,19
2026-01-16,REF013,3,5
2026-04-20,REF013,10,3
2026-02-08,REF025,1,10
2026-04-06,REF038,6,15
2025-11-09,REF036,8,6
2025-06-04,REF038,1,8
2025-09-29,REF050,1,20
2026-04-03,REF039,9,11
2025-05-19,REF024,6,16
2026-01-19,REF034,10,10
2025-07-06,REF022,9,20
2025-08-10,REF003,10,18
2025-05-28,REF031,8,9
2026-03-11,REF037,9,3
2025-09-24,REF011,8,14
2025-08-14,REF037,5,12
2025-06-09,REF023,9,16
2026-01-26,REF040,9,10
2026-01-14,REF004,3,2
2025-09-30,REF050,7,18
2025-11-06,REF038,9,1
2026-02-14,REF037,4,13
2026-01-17,REF018,9,5
2025-08-28,REF001,6,3
2026-01-19,REF004,9,16
2026-04-15,REF033,2,20
2025-09-20,REF025,2,11
2025-07-22,REF009,3,13
2025-12-09,REF018,4,3
2025-07-31,REF042,3,16
2026-01-25,REF033,8,11
2025-12-07,REF039,5,4
2026-03-09,REF002,2,9
2025-11-08,REF001,6,15
2025-06-15,REF019,2,4
2025-10-08,REF002,1,9
2025-10-12,REF027,9,15
2025-07-27,REF028,8,2
2026-05-19,REF047,9,12
2025-08-05,REF018,6,11
2025-09-08,REF027,7,2
2026-02-28,REF008,4,11
2025-06-04,REF038,6,13
2026-03-07,REF009,8,16
2026-04-11,REF023,9,16
2025-09-01,REF027,4,15
2025-12-21,REF047,4,6
2025-08-20,REF009,10,14
2026-05-15,REF030,3,19
2025-08-21,REF012,4,13
2025-11-27,REF003,6,12
2025-06-19,REF046,3,6
2025-10-30,REF034,2,4
2025-06-12,REF037,2,12
2025-12-16,REF021,8,14
2025-11-07,REF023,4,17
2026-05-01,REF012,3,13
2026-04-07,REF042,4,15
2025-09-28,REF040,7,3
2025-08-06,REF022,6,5
2025-11-09,REF047,2,13
2025-08-20,REF025,4,11
2025-05-27,REF015,5,14
2026-02-06,REF024,10,19
2025-06-06,REF008,2,17
2025-11-20,REF045,9,10
2026-03-03,REF002,3,16
2026-03-18,REF039,8,14
2025-06-21,REF048,1,7
2026-01-24,REF015,7,17
2025-08-06,REF011,5,4
2025-09-10,REF016,2,12
2026-01-13,REF046,3,12
2026-02-07,REF034,3,4
2025-08-09,REF043,3,17
2026-05-19,REF043,5,7
2026-05-13,REF029,4,18
2025-07-26,REF001,1,10
2026-01-10,REF040,8,13
2025-11-26,REF020,3,1
2025-07-09,REF025,1,13
2025-09-08,REF047,9,13
2026-02-18,REF010,6,18
2025-09-26,REF043,5,12
2026-01-02,REF029,4,19
2025-10-28,REF031,1,9
2026-03-03,REF045,4,16
2025-10-16,REF036,10,19
2026-05-09,REF018,10,1
2026-04-10,REF025,8,1
2025-10-24,REF003,8,14
2026-02-07,REF038,8,3
2026-03-30,REF022,9,13
2026-02-27,REF010,7,9
2026-01-30,REF038,4,12
2025-11-03,REF048,10,7
2026-02-28,REF030,4,16
2025-06-28,REF036,9,18
2026-01-23,REF012,8,4
2026-05-12,REF033,2,8
2026-02-09,REF035,3,19
2025-12-17,REF029,1,11
2025-09-04,REF014,8,2
2026-03-18,REF031,10,7
2025-08-04,REF027,5,13
2025-11-24,REF023,7,5
2025-07-18,REF039,7,4
2026-04-03,REF040,8,11
2025-12-14,REF044,9,9
2026-03-25,REF047,2,9
2025-09-24,REF033,3,15
2025-11-25,REF036,5,8
2026-05-03,REF011,1,3
2026-01-09,REF042,6,3
2026-02-09,REF030,9,17
2025-10-04,REF027,5,10
2025-11-14,REF019,1,14
2026-03-06,REF015,6,1
2025-09-14,REF010,9,3
2025-07-18,REF001,5,14
2025-11-04,REF008,3,4
2025-09-20,REF037,10,2
2025-10-11,REF023,6,10
2026-04-18,REF044,3,14
2025-05-23,REF045,2,11
2025-08-08,REF018,2,9
2026-03-20,REF043,2,14
2025-11-16,REF017,6,17
2025-05-30,REF029,3,18
2025-07-07,REF011,4,8
2025-12-01,REF037,9,17
2025-07-25,REF028,6,13
2025-08-08,REF021,5,4
2026-03-08,REF003,1,12
2025-12-09,REF048,1,10
2025-12-03,REF021,6,20
2025-09-25,REF002,10,15
2025-07-12,REF046,3,16
2025-06-15,REF010,7,3
2025-06-06,REF022,8,6
2025-09-16,REF044,2,7
2025-09-25,REF034,6,14
2026-03-04,REF021,9,20
2026-01-11,REF031,3,8
2025-10-04,REF030,3,2
2025-09-24,REF046,10,19
2025-06-16,REF025,1,9
2026-02-02,REF015,1,12
2026-01-05,REF035,6,1
2026-01-27,REF043,9,12
2025-07-01,REF007,3,12
2025-07-21,REF012,2,9
2025-07-21,REF007,6,3
2026-05-11,REF019,1,12
2025-10-24,REF050,1,12
2025-06-30,REF040,8,2
2026-02-14,REF009,2,10
2025-08-14,REF012,10,4
2025-08-11,REF022,7,18
2025-06-10,REF034,4,19
2025-12-21,REF049,6,20
2025-11-29,REF037,6,16
2025-09-26,REF003,9,20
2025-07-21,REF001,7,3
2025-09-04,REF046,5,19
2025-11-02,REF002,1,3
2025-09-14,REF042,6,5
2026-01-30,REF025,5,12
2025-08-06,REF003,1,8
2026-04-07,REF008,8,17
2025-11-01,REF015,5,12
2026-03-10,REF047,5,12
2025-09-24,REF014,5,5
2025-09-06,REF012,10,13
2026-04-03,REF025,2,14
2025-08-07,REF041,10,13
2025-08-27,REF031,9,2
2025-11-28,REF031,7,1
2025-12-11,REF050,9,12
2025-05-20,REF010,10,10
2026-02-09,REF009,4,14
2026-04-03,REF002,4,16
2025-10-01,REF019,4,5
2025-11-06,REF002,5,19
2025-12-25,REF006,7,4
2026-04-18,REF009,4,15
2026-03-15,REF026,10,6
2025-12-10,REF030,5,20
2026-04-25,REF039,2,20
2026-04-06,REF005,2,16
2025-10-16,REF016,3,17
2026-04-07,REF008,8,3
2025-07-18,REF021,3,3
2025-08-05,REF007,10,12
2026-03-20,REF036,3,17
2025-10-19,REF006,5,14
2025-09-09,REF014,5,11
2025-12-16,REF009,6,20
2025-06-11,REF009,6,20
2026-01-02,REF005,2,5
2025-06-26,REF038,10,9
2025-05-23,REF016,6,16
2026-05-14,REF021,7,10
2025-11-02,REF037,4,11
2025-09-11,REF016,10,1
2026-03-26,REF040,7,11
2025-12-29,REF036,7,10
2025-06-26,REF004,3,2
2026-05-02,REF027,10,13
2025-06-15,REF044,6,16
2025-11-03,REF031,6,17
2025-11-27,REF017,9,9
2025-12-14,REF027,10,15
2025-06-13,REF015,5,10
2025-07-26,REF044,3,4
2025-08-05,REF010,10,3
2026-02-17,REF018,2,10
2025-12-05,REF032,5,20
2025-12-12,REF012,6,3
2025-12-23,REF049,8,19
2026-04-01,REF003,5,11
2025-12-04,REF018,10,20
2025-11-01,REF043,10,16
2026-01-29,REF013,6,12
2025-10-10,REF023,4,17
2026-05-01,REF040,1,6
2025-06-19,REF020,8,12
2025-05-28,REF009,6,15
2025-07-23,REF014,2,4
2026-04-09,REF021,5,19
2025-09-29,REF021,5,11
2025-05-21,REF020,9,7
2025-09-30,REF021,1,11
2026-02-15,REF010,10,6
2025-07-24,REF031,1,7
2026-05-08,REF021,5,18
2025-06-14,REF007,4,3
2025-11-06,REF041,8,5
2025-07-07,REF015,2,13
2025-10-16,REF038,4,13
2025-06-16,REF011,5,9
2026-01-09,REF001,5,6
2025-12-14,REF036,5,16
2026-01-25,REF042,7,17
2025-09-13,REF049,4,3
2025-11-18,REF044,3,11
2026-05-12,REF001,4,18
2025-08-24,REF009,9,7
2026-04-18,REF009,6,3
2026-02-19,REF006,2,4
2026-01-19,REF046,3,5
2025-05-25,REF011,9,7
2025-05-28,REF023,7,14
2026-02-08,REF002,6,8
2026-03-16,REF003,4,16
2026-04-29,REF025,2,8
2025-07-28,REF009,1,19
2025-12-02,REF032,3,20
2026-01-29,REF004,3,6
2025-11-30,REF039,6,10
2025-05-29,REF010,7,18
2025-07-28,REF043,10,1
2025-11-27,REF032,1,2
2025-05-27,REF019,4,9
2026-03-28,REF040,9,3
2025-08-05,REF045,8,15
2025-10-26,REF026,8,20
2025-11-17,REF002,6,9
2026-01-19,REF031,4,17
2025-08-06,REF041,4,7
2025-10-22,REF016,3,5
2025-09-19,REF031,6,3
2025-08-25,REF010,5,3
2025-06-04,REF044,2,17
2026-01-08,REF012,10,2
2025-06-07,REF002,6,13
2026-03-09,REF008,5,4
2026-04-24,REF046,3,18
2026-03-22,REF036,3,5
2025-11-21,REF009,2,2
2025-07-16,REF040,10,8
2025-09-30,REF003,8,1
2026-01-15,REF042,5,14
2026-03-13,REF013,8,11
2026-02-02,REF021,7,3
2026-03-21,REF002,5,19
2025-08-16,REF024,10,14
2025-10-29,REF044,5,18
2025-12-20,REF018,9,2
2025-07-30,REF050,10,20
2025-10-25,REF009,2,6
2025-05-19,REF048,7,7
2025-07-31,REF026,5,7
2025-09-15,REF007,6,5
2026-04-27,REF026,9,11
2026-03-04,REF047,1,20
2025-05-31,REF039,1,4
2026-05-10,REF037,4,4
2026-05-15,REF022,8,4
2025-08-07,REF032,3,3
2025-08-28,REF023,6,20
2025-12-27,REF034,7,4
2026-05-02,REF003,3,2
2025-07-29,REF031,9,1
2025-12-11,REF015,10,18
2026-04-18,REF012,5,3
2025-10-03,REF028,6,19
2026-01-29,REF038,10,6
2025-10-08,REF041,1,16
2026-01-02,REF039,9,14
2025-12-03,REF041,7,6
2025-09-15,REF022,5,11
2026-04-05,REF038,7,19
2025-12-12,REF034,10,19
2025-08-12,REF049,9,10
2026-04-18,REF004,5,12
2025-07-03,REF040,4,12
2025-11-08,REF012,5,11
2025-12-20,REF014,7,5
2025-09-20,REF047,9,5
2025-12-07,REF024,1,13
2025-05-21,REF017,7,14
2025-11-14,REF039,7,15
2025-09-30,REF003,7,4
2025-08-13,REF001,3,14
2026-03-04,REF032,8,18
2025-08-30,REF042,8,5
2026-01-11,REF024,1,5
2025-10-07,REF037,8,7
2026-01-31,REF015,2,9
2026-04-19,REF044,4,6
2025-11-04,REF029,8,20
2026-01-26,REF019,9,8
2026-03-29,REF003,1,6
2026-01-11,REF016,6,13
2026-05-18,REF004,6,12
2026-03-13,REF008,3,3
2026-01-30,REF001,4,11
2025-09-05,REF031,8,6
2025-07-28,REF048,5,15
2025-11-01,REF004,4,17
2026-02-10,REF026,4,19
2025-10-15,REF037,9,5
2025-06-10,REF014,9,16
2026-01-25,REF028,7,2
2025-09-03,REF013,1,9
2025-09-16,REF049,3,2
2025-09-29,REF041,3,20
2026-05-15,REF039,10,9
2025-11-26,REF006,6,15
2026-04-16,REF008,8,5
2025-06-13,REF032,9,2
2026-05-06,REF013,1,6
2026-03-19,REF016,6,15
2026-02-14,REF026,3,15
2025-11-16,REF009,7,13
2025-10-29,REF026,2,15
2025-09-13,REF045,5,11
2026-03-27,REF030,1,2
2026-02-18,REF033,8,5
2026-04-28,REF027,1,16
2025-09-16,REF010,6,16
2025-07-06,REF037,1,2
2025-08-25,REF029,6,16
2025-07-01,REF021,7,13
2026-03-14,REF045,9,11
2026-02-02,REF013,8,5
2026-01-10,REF036,7,17
2026-01-01,REF030,6,16
2025-11-11,REF031,2,7
2025-05-26,REF029,4,13
2025-11-04,REF018,10,11
2026-05-10,REF007,2,14
2026-04-29,REF045,6,16
2025-09-14,REF034,10,8
2025-07-26,REF031,10,4
2026-03-15,REF021,1,20
2025-07-16,REF043,2,3
2026-03-28,REF014,3,19
2025-10-14,REF016,3,16
2025-12-11,REF049,10,16
2025-06-05,REF024,10,14
2025-09-20,REF024,10,18
2026-03-04,REF010,5,18
2026-03-04,REF029,6,11
2026-04-29,REF017,9,10
2026-05-05,REF011,7,6
2026-05-16,REF044,4,4
2025-08-18,REF022,6,20
2026-04-10,REF038,2,19
2026-02-18,REF025,8,3
2025-09-22,REF031,1,9
2026-05-16,REF009,8,17
2026-04-13,REF026,6,17
2025-09-22,REF034,6,9
2025-11-30,REF033,10,12
2025-06-27,REF012,8,9
2026-02-21,REF047,3,16
2025-08-31,REF007,10,20
2025-12-11,REF022,6,13
2025-08-29,REF009,5,8
2025-12-20,REF042,1,7
2026-02-23,REF012,6,8
2025-08-17,REF015,6,5
2025-10-27,REF046,1,16
2025-06-07,REF012,1,1
2026-04-20,REF045,6,13
2025-11-11,REF019,3,20
2025-08-28,REF036,10,2
2025-07-13,REF004,2,7
2025-06-07,REF028,5,13
2025-08-15,REF037,4,11
2025-05-27,REF042,5,2
2025-10-27,REF007,10,6
2025-07-05,REF040,2,4
2025-06-18,REF003,8,1
2025-06-16,REF030,5,13
2025-07-22,REF007,5,2
2025-12-29,REF044,3,9
2025-08-18,REF006,5,5
2026-03-06,REF046,3,8
2025-10-28,REF030,10,17
2026-02-09,REF040,6,18
2025-09-12,REF036,5,7
2026-03-07,REF022,6,7
2025-09-30,REF027,4,15
2026-05-08,REF007,7,12
2025-12-27,REF043,6,5
2026-05-05,REF030,9,7
2025-11-15,REF037,2,9
2026-03-12,REF008,7,4
2026-01-22,REF005,9,17
2026-02-22,REF023,4,15
2026-02-06,REF024,10,11
2025-08-14,REF004,10,12
2026-05-08,REF011,3,4
2026-02-06,REF050,1,13
2026-04-09,REF013,10,15
2025-06-29,REF002,5,7
2026-04-15,REF008,9,3
2026-02-17,REF021,3,16
2026-04-24,REF035,7,18
2026-03-08,REF005,1,15
2025-07-08,REF016,10,11
2026-02-10,REF027,10,12
2025-06-16,REF036,10,10
2025-09-09,REF036,3,4
2025-09-12,REF010,5,1
2026-02-28,REF021,8,9
2025-06-07,REF016,5,14
2026-02-05,REF009,7,6
2025-07-06,REF002,8,12
2025-10-06,REF048,1,18
2025-11-28,REF026,2,20
2025-08-24,REF049,4,5
2025-07-08,REF009,10,4
2026-05-07,REF014,1,7
2026-01-11,REF027,9,10
2026-03-14,REF013,4,7
2026-01-25,REF024,7,12
2026-04-25,REF039,6,20
2026-03-06,REF027,3,8
2025-11-27,REF033,6,1
2026-01-08,REF040,4,16
2025-11-25,REF020,7,13
2025-08-07,REF008,9,2
2026-05-11,REF042,8,17
2025-12-19,REF004,6,8
2025-05-31,REF012,1,7
2025-05-25,REF014,2,6
2025-06-27,REF008,7,20
2025-11-28,REF050,10,17
2025-12-09,REF005,6,12
2025-09-08,REF033,1,7
2026-04-12,REF037,5,8
2026-04-10,REF038,1,17
2026-04-14,REF019,3,9
2026-05-12,REF035,4,9
2025-09-10,REF038,4,17
2025-07-11,REF028,1,10
2025-12-18,REF014,9,13
2025-06-07,REF012,10,7
2026-03-11,REF018,3,6
2025-08-24,REF032,8,5
2026-05-08,REF033,2,16
2026-04-19,REF039,6,9
2025-08-07,REF031,8,1
2026-03-19,REF022,7,18
2026-03-13,REF035,9,11
2025-06-13,REF009,4,11
2026-02-02,REF006,2,16
2025-07-28,REF036,2,2
2025-12-21,REF018,8,9
2025-12-11,REF015,4,18
2025-07-27,REF033,1,9
2026-04-07,REF046,8,16
2026-05-17,REF040,6,10
2025-07-11,REF018,4,2
2025-07-28,REF030,7,15
2026-05-16,REF025,4,3
2026-05-16,REF011,1,17
2025-11-30,REF031,1,7
2025-11-01,REF006,9,15
2026-03-20,REF041,6,15
2025-08-24,REF035,9,2
2025-08-28,REF003,4,14
2026-02-17,REF019,4,3
2026-03-25,REF008,10,9
2025-07-29,REF025,10,8
2026-04-20,REF029,10,9
2025-07-24,REF009,9,18
2025-12-22,REF003,10,10
2025-09-02,REF044,2,20
2025-07-06,REF039,9,8
2025-10-20,REF040,3,11
2026-04-16,REF048,1,12
2026-04-26,REF038,1,1
2025-06-27,REF003,8,15
2025-09-30,REF050,9,6
2026-05-09,REF042,8,4
2025-10-12,REF039,2,16
2026-01-16,REF009,1,6
2026-01-12,REF014,10,4
2025-10-28,REF040,2,6
2025-08-31,REF045,7,12
2025-09-30,REF044,1,13
2026-02-14,REF003,6,5
2026-04-04,REF030,5,3
2025-11-17,REF013,8,8
2026-01-18,REF033,4,19
2025-11-25,REF010,1,4
2026-01-22,REF049,4,11
2025-07-30,REF024,3,17
2025-09-21,REF033,1,7
2026-03-18,REF020,4,13
2026-02-08,REF025,6,18
2025-12-08,REF009,3,3
2025-07-26,REF047,7,2
2026-01-25,REF001,5,16
2026-01-07,REF013,6,8
2025-12-31,REF021,4,12
2026-02-01,REF049,10,14
2025-05-19,REF024,9,17
2025-09-24,REF048,4,9
2025-06-04,REF027,2,7
2026-04-24,REF037,5,20
2025-07-21,REF041,5,13
2025-09-14,REF034,2,7
2025-08-09,REF002,1,1
2026-01-03,REF018,5,6
2026-05-08,REF006,8,14
2025-12-23,REF025,2,13
2025-05-26,REF025,2,7
2026-04-30,REF049,5,13
2025-07-16,REF024,9,5
2026-05-05,REF009,6,16
2025-05-30,REF021,8,9
2025-09-27,REF021,6,8
2025-06-10,REF033,10,4
2025-10-04,REF040,4,8
2025-09-05,REF038,8,10
2026-04-05,REF047,9,18
2025-09-21,REF012,6,10
2025-09-12,REF050,9,2
2026-02-06,REF036,7,18
2025-07-17,REF023,10,16
2026-03-27,REF041,1,19
2025-08-15,REF025,6,5
2026-01-31,REF001,9,6
2025-12-30,REF049,8,15
2025-10-20,REF047,9,10
2025-05-28,REF031,4,8
2025-07-15,REF042,6,14
2026-02-03,REF022,8,13
2026-05-12,REF037,3,6
2025-11-23,REF009,2,4
2025-11-03,REF018,9,13
2026-02-17,REF006,3,9
2025-08-28,REF038,7,3
2025-09-23,REF015,6,3
2025-12-23,REF048,10,13
2025-08-18,REF023,4,6
2025-07-29,REF047,4,16
2025-11-12,REF033,9,7
2026-03-17,REF019,10,16
2025-10-07,REF009,10,9
2025-10-11,REF027,1,5
2026-01-10,REF009,7,3
2025-12-04,REF017,10,20
2026-04-17,REF050,7,2
2026-04-15,REF026,1,1
2025-10-07,REF033,10,17
2025-08-23,REF026,8,15
2025-10-09,REF021,6,4
2025-07-08,REF008,2,1
2026-02-15,REF008,8,19
2026-01-05,REF033,10,1
2025-11-09,REF030,2,10
2025-10-30,REF013,9,14
2025-07-16,REF009,7,12
2025-05-23,REF033,3,12
2025-08-07,REF015,1,18
2026-01-13,REF016,4,14
2025-07-29,REF009,10,3
2026-05-13,REF007,5,17
2026-01-29,REF030,4,16
2025-09-06,REF011,1,7
2025-07-05,REF034,8,6
2025-06-30,REF001,7,12
2026-04-08,REF025,4,2
2026-02-12,REF019,9,16
2025-10-12,REF036,8,7
2025-12-30,REF027,5,10
2026-02-15,REF011,5,7
2025-12-12,REF027,5,13
2025-07-06,REF015,2,13
2025-08-10,REF036,4,16
2025-07-13,REF044,6,17
2025-09-27,REF046,2,3
2026-02-05,REF004,4,7
2025-12-31,REF040,4,2
2025-10-15,REF044,7,3
2026-05-15,REF009,1,13
2026-05-09,REF032,6,2
2026-05-13,REF050,7,15
2025-08-18,REF041,2,14
2025-09-04,REF001,1,8
2026-03-08,REF038,2,17
2026-03-28,REF034,7,1
2025-07-06,REF029,10,6
2025-08-18,REF028,6,9
2026-01-11,REF008,1,8
2026-01-09,REF047,9,10
2026-03-12,REF032,2,4
2025-11-23,REF021,6,10
2025-10-27,REF018,1,19
2025-06-23,REF004,9,3
2025-07-25,REF046,3,5
2025-07-12,REF005,4,19
2026-04-17,REF033,6,15
2025-09-17,REF031,7,17
2026-03-07,REF038,7,13
2025-10-31,REF016,10,19
2025-05-30,REF043,3,18
2026-02-12,REF041,3,6
2025-10-04,REF046,1,17
2025-11-25,REF028,1,13
2025-08-25,REF025,6,3
2026-03-08,REF005,10,12
2025-12-09,REF037,9,18
2026-02-27,REF016,3,20
2025-06-27,REF010,2,15
2025-09-10,REF015,3,8
2026-05-15,REF015,8,1
2026-05-01,REF001,4,15
2025-06-27,REF011,7,6
2025-07-07,REF018,6,12
2025-11-06,REF042,3,5
2026-01-29,REF034,9,2
2026-01-04,REF048,8,5
2025-08-20,REF035,6,5
2025-10-09,REF019,6,11
2026-03-11,REF032,3,17
2025-12-22,REF003,5,8
2025-12-02,REF012,5,14
2026-03-16,REF034,4,5
2026-02-14,REF042,2,14
2026-01-12,REF006,6,19
2025-12-13,REF045,10,12
2025-11-04,REF043,10,20
2025-08-10,REF036,9,19
2025-11-27,REF013,8,19
2025-08-28,REF030,2,11
2026-02-05,REF037,2,2
2026-02-16,REF001,4,19
2026-01-20,REF035,6,2
2026-04-03,REF033,1,19
2026-04-03,REF017,7,1
2025-11-28,REF008,5,1
2026-02-09,REF034,2,8
2025-11-26,REF033,6,15
2025-09-08,REF025,1,12
2026-03-17,REF036,6,3
2025-11-04,REF006,9,15
2025-08-17,REF022,5,15
2026-03-14,REF041,2,18
2025-09-01,REF043,3,9
2025-12-22,REF044,10,12
2025-11-07,REF007,3,14
2026-02-09,REF003,1,11
2026-02-24,REF006,6,8
2025-08-22,REF013,1,7
2026-04-19,REF009,5,14
2026-04-07,REF049,9,15
2025-12-23,REF046,7,7
2025-09-14,REF007,7,5
2026-05-08,REF013,2,19
2025-09-14,REF025,1,11
2025-06-05,REF037,10,13
2025-11-08,REF013,6,17
2026-01-29,REF037,6,14
2025-07-18,REF014,7,18
2025-10-12,REF011,9,3
2025-07-10,REF010,9,1
2025-06-21,REF045,6,15
2025-05-25,REF045,7,18
2025-11-19,REF030,5,12
2025-12-16,REF036,9,11
2026-03-08,REF016,9,18
2025-11-09,REF007,5,5
2025-06-17,REF030,1,14
2025-10-08,REF011,5,7
2026-05-12,REF034,8,19
2025-11-09,REF034,1,2
2026-01-02,REF023,6,19
2025-08-14,REF048,2,4
2025-12-13,REF044,9,6
2026-03-21,REF013,8,6
2025-11-28,REF022,1,3
2025-05-20,REF045,6,7
2025-08-24,REF042,2,17
2026-02-22,REF039,6,20
2026-03-22,REF019,3,5
2025-11-19,REF018,1,4
2026-03-02,REF008,1,1
2026-01-19,REF046,9,6
2025-07-04,REF049,10,13
2026-01-30,REF046,1,1
2026-02-02,REF046,8,13
2026-03-28,REF015,9,20
2025-07-19,REF036,8,13
2025-07-11,REF040,2,9
2026-03-20,REF033,6,19
2025-07-18,REF046,5,10
2025-11-27,REF034,7,19
2025-12-17,REF004,10,4
2026-01-26,REF023,10,3
2025-10-17,REF045,8,20
2025-10-26,REF013,6,12
2025-10-01,REF028,3,20
2025-12-13,REF018,3,4
2026-03-18,REF021,7,3
2025-07-29,REF033,8,20
2025-09-11,REF004,1,11
2025-09-06,REF003,4,10
2025-07-14,REF044,5,10
2026-05-19,REF031,6,14
2026-05-04,REF021,8,1
2025-07-13,REF001,9,8
2025-06-02,REF032,4,14
2026-03-26,REF004,5,16
2026-04-13,REF005,4,9
2025-06-11,REF040,10,19
2025-10-20,REF022,10,12
2026-02-25,REF005,7,8
2025-09-22,REF017,8,4
2025-05-24,REF043,3,12
2025-09-29,REF013,3,5
2025-09-14,REF030,3,11
2025-10-08,REF003,3,5
2025-09-26,REF021,9,4
2026-03-24,REF041,3,19
2026-04-05,REF023,7,4
2025-11-18,REF002,2,11
2025-06-20,REF022,9,14
2025-05-21,REF034,10,11
2026-02-08,REF008,5,9
2025-11-11,REF034,8,14
2026-04-13,REF045,1,6
2026-02-18,REF028,10,17
2025-05-29,REF042,9,12
2026-05-19,REF012,9,8
2025-12-16,REF037,9,15
2025-08-15,REF022,8,15
2025-11-23,REF043,7,1
2026-01-12,REF043,4,4
2025-09-09,REF039,10,14
2026-02-23,REF011,1,20
2025-06-25,REF036,5,10
2025-10-21,REF013,5,8
2025-09-06,REF047,10,1
2025-12-23,REF019,6,3
2025-11-03,REF010,1,14
2025-10-05,REF008,9,5
2025-08-20,REF020,8,16
2026-03-17,REF027,2,13
2025-08-22,REF035,8,10
2025-07-28,REF035,6,9
2026-05-07,REF032,8,20
2026-02-12,REF023,9,5
2025-11-25,REF034,4,19
2025-06-08,REF049,9,2
2026-02-06,REF023,10,14
2026-03-04,REF019,8,20
2026-02-14,REF031,2,20
2025-06-05,REF009,3,9
2025-10-04,REF036,7,20
2025-07-07,REF047,10,10
2025-12-16,REF048,4,13
2025-10-24,REF030,5,6
2025-09-20,REF047,1,12
2025-12-09,REF040,5,9
2025-10-10,REF039,8,14
2025-12-21,REF047,7,16
2026-01-15,REF046,8,14
2026-04-11,REF042,2,19
2025-06-11,REF027,7,10
2026-01-02,REF041,5,17
2025-07-22,REF008,10,4
2025-10-11,REF039,4,1
2026-01-10,REF037,4,19
2025-12-19,REF013,4,18
2025-09-01,REF010,7,1
2026-02-21,REF023,9,13
2026-03-20,REF049,10,3
2026-05-04,REF042,10,2
2026-03-27,REF044,2,18
2026-02-18,REF033,10,3
2025-10-06,REF045,5,12
2026-02-08,REF021,1,10
2025-07-28,REF037,1,7
2026-04-24,REF046,9,15
2026-02-19,REF050,4,11
2025-05-23,REF049,8,18
2025-12-03,REF037,3,6
2025-07-27,REF028,2,20
2026-01-13,REF019,7,3
2025-12-29,REF025,9,10
2026-03-18,REF011,3,5
2026-01-20,REF036,2,17
2026-02-05,REF022,9,19
2025-06-25,REF031,9,6
2025-11-09,REF024,4,4
2025-12-11,REF005,4,3
2025-06-04,REF024,4,4
2025-11-30,REF040,3,18
2026-01-17,REF049,2,7
2025-08-05,REF012,1,11
2025-12-24,REF015,5,1
2026-03-17,REF007,10,8
2025-07-13,REF026,5,18
2026-02-11,REF034,6,1
2026-01-06,REF039,9,13
2025-10-14,REF033,6,4
2026-01-02,REF034,6,7
2025-09-12,REF018,4,16
2025-10-29,REF016,10,16
2025-08-23,REF047,7,20
2025-06-06,REF015,3,8
2026-01-23,REF004,10,3
2025-08-02,REF042,6,4
2025-10-12,REF022,5,3
2026-02-03,REF050,6,9
2025-06-09,REF020,9,6
2025-08-04,REF015,3,8
2025-06-23,REF034,6,5
2025-10-13,REF013,1,15
2026-01-04,REF022,4,16
2025-08-21,REF020,10,6
2025-06-03,REF008,4,14
2026-05-05,REF015,1,20
2025-07-30,REF021,7,14
2025-07-26,REF012,4,18
2025-09-29,REF049,5,7
2025-12-02,REF020,2,4
2025-08-06,REF028,9,6
2025-07-11,REF031,2,4
2025-09-25,REF029,8,15
2026-02-21,REF031,2,15
2025-07-30,REF023,10,14
2025-12-24,REF048,8,17
2026-03-29,REF019,6,1
2025-11-06,REF045,8,11
2026-03-21,REF014,4,8
2025-12-01,REF043,9,11
2025-08-08,REF045,4,13
2025-06-10,REF005,8,15
2025-07-25,REF041,8,16
2025-08-15,REF019,9,5
2026-01-22,REF015,10,14
2025-08-06,REF018,9,1
2025-11-19,REF045,5,6
2025-07-29,REF025,3,6
2025-08-29,REF038,5,1
2025-11-29,REF006,8,15
2026-03-26,REF033,4,8
2025-07-22,REF035,5,7
2025-07-28,REF039,8,19
2026-04-12,REF047,3,7
2025-08-12,REF028,9,1
2025-06-25,REF030,6,10
2025-08-20,REF035,10,1
2025-12-04,REF009,4,12
2025-12-31,REF009,8,19
2025-12-19,REF008,6,16
2026-05-17,REF021,10,13
2026-02-11,REF043,5,8
2025-12-18,REF014,6,11
2026-01-01,REF012,4,6
2025-09-23,REF034,3,12
2025-08-14,REF045,7,8
2026-02-24,REF019,3,17
2025-09-30,REF010,5,11
2025-07-19,REF033,10,10
2026-03-07,REF028,2,12
2025-11-25,REF026,8,12
2025-07-20,REF013,8,11
2025-08-29,REF045,5,2
2026-04-04,REF050,10,17
2026-04-09,REF033,1,14
2025-08-10,REF006,9,18
2025-11-04,REF030,9,14
2025-12-19,REF028,7,3
2025-12-09,REF047,5,10
2025-11-19,REF008,9,13
2026-01-14,REF022,3,6
2025-08-01,REF025,7,7
2025-08-20,REF011,7,11
2026-03-13,REF018,5,3
2025-09-06,REF015,8,4
2025-10-18,REF001,5,13
2025-05-22,REF007,7,15
2025-08-18,REF001,2,17
2026-05-16,REF040,6,8
2025-06-02,REF012,10,12
2025-12-19,REF035,9,2
2026-02-10,REF018,4,6
2025-09-21,REF018,1,17
2026-01-31,REF026,5,11
2026-05-09,REF011,2,16
2025-09-13,REF002,7,10
2025-08-14,REF023,2,16
2025-07-20,REF028,9,15
2025-11-19,REF044,1,5
2026-04-16,REF022,8,16
2025-09-09,REF033,6,1
2026-01-21,REF012,6,9
2025-12-19,REF048,10,6
2026-03-09,REF004,8,14
2026-04-11,REF046,1,19
2025-07-18,REF018,8,8
2026-02-26,REF035,1,11
2025-06-15,REF011,10,17
2026-01-07,REF045,7,5
2025-11-25,REF004,2,8
2025-07-18,REF047,3,13
2025-08-10,REF023,5,10
2025-11-02,REF001,8,7
2026-03-05,REF012,3,13
2025-09-09,REF024,7,3
2026-03-17,REF014,5,9
2026-04-05,REF037,7,4
2026-02-11,REF025,2,6
2025-12-19,REF043,7,15
2025-07-07,REF036,3,17
2026-02-24,REF038,10,10
2025-11-22,REF017,1,5
2025-09-18,REF035,7,1
2026-03-02,REF041,7,15
2025-05-28,REF042,2,10
2026-01-05,REF049,10,2
2025-12-01,REF021,3,9
2026-05-18,REF023,5,15
2025-08-09,REF014,10,10
2025-08-14,REF039,9,18
2025-11-27,REF012,2,18
2025-09-16,REF041,5,3
2026-03-02,REF023,5,19
2025-07-10,REF022,3,7
2025-09-10,REF029,5,18
2025-10-23,REF030,9,1
2025-05-24,REF049,6,15
2025-08-20,REF012,10,13
2025-11-10,REF027,9,5
2026-04-21,REF039,9,8
2025-09-22,REF022,3,12
2025-10-22,REF030,9,12
2025-12-03,REF033,3,5
2026-01-20,REF035,2,5
2025-11-15,REF034,7,6
2025-06-03,REF030,6,15
2025-12-20,REF019,6,7
2025-07-26,REF021,7,6
2025-06-29,REF018,3,3
2025-10-19,REF025,4,3
2026-05-15,REF039,6,5
2025-09-11,REF004,6,13
2025-06-25,REF020,9,16
2025-12-26,REF040,10,18
2025-11-13,REF021,7,17
2026-04-18,REF024,6,17
2026-01-22,REF046,6,2
2025-10-31,REF006,3,9
2025-08-04,REF048,1,5
2026-02-05,REF013,9,9
2026-03-21,REF042,8,5
2025-07-26,REF046,1,4
2025-06-18,REF025,5,9
2026-01-09,REF017,1,20
2025-09-16,REF023,6,17
2026-04-29,REF047,1,15
2026-04-09,REF049,4,2
2026-01-15,REF028,7,9
2026-03-30,REF035,6,13
2026-02-12,REF030,8,6
2026-01-01,REF009,2,17
2025-09-15,REF007,6,14
2025-10-22,REF020,4,3
2026-02-19,REF016,8,12
2026-03-06,REF014,9,20
2026-01-05,REF014,5,13
2025-10-28,REF020,3,10
2026-02-08,REF036,7,3
2026-02-09,REF010,2,6
2025-10-12,REF037,7,4
2025-11-23,REF035,2,14
2026-02-15,REF016,9,8
2025-10-25,REF012,8,6
2025-06-09,REF040,6,2
2025-09-30,REF026,5,16
2026-03-30,REF030,5,9
2026-03-24,REF046,3,1
2025-07-17,REF007,4,3
2025-10-14,REF041,10,4
2026-03-02,REF009,5,11
2026-01-31,REF028,1,6
2026-02-14,REF034,4,18
2025-05-30,REF020,3,8
2025-09-07,REF006,2,9
2025-11-27,REF021,2,18
2025-10-16,REF008,2,5
2025-10-16,REF011,9,17
2025-12-27,REF047,10,18
2025-06-27,REF010,8,6
2026-04-30,REF002,1,9
2025-11-19,REF031,9,18
2026-05-16,REF019,4,14
2025-07-14,REF034,5,13
2025-07-19,REF046,7,17
2026-01-26,REF032,8,20
2026-03-15,REF034,3,18
2025-09-15,REF035,4,20
2026-04-01,REF017,8,3
2025-08-08,REF047,7,19
2025-08-20,REF038,1,16
2026-05-07,REF010,2,14
2025-07-08,REF046,1,15
2025-07-22,REF033,1,9
2026-03-02,REF006,4,5
2025-10-24,REF036,2,19
2025-11-18,REF010,1,8
2026-01-25,REF038,6,18
2026-02-17,REF027,1,6
2026-04-18,REF013,5,3
2026-03-17,REF006,9,8
2026-02-19,REF002,9,17
2025-07-01,REF010,1,20
2026-04-02,REF032,2,1
2026-01-18,REF036,10,15
2025-08-08,REF021,10,12
2025-07-12,REF002,2,9
2025-12-24,REF013,3,5
2025-05-20,REF037,7,15
2026-02-11,REF016,10,1
2025-10-30,REF031,9,14
2025-10-28,REF035,10,16
2025-09-25,REF006,10,5
2026-01-13,REF024,3,13
2025-09-02,REF023,2,5
2025-08-06,REF043,10,16
2026-04-25,REF003,8,8
2025-09-13,REF021,10,20
2025-10-01,REF045,8,8
2025-12-04,REF032,7,15
2026-04-05,REF013,2,4
2026-05-08,REF017,9,15
2026-04-13,REF024,10,14
2026-03-19,REF042,2,4
2026-03-11,REF040,10,18
2025-08-03,REF022,8,7
2025-09-16,REF004,2,9
2025-11-19,REF033,4,11
2026-05-18,REF046,8,7
2026-02-23,REF012,2,18
2025-11-03,REF028,7,3
2025-08-13,REF017,1,7
2025-08-21,REF039,9,1
2025-10-18,REF004,10,16
2025-08-08,REF040,6,12
2026-04-19,REF011,4,20
2025-07-08,REF049,8,11
2025-10-23,REF003,7,20
2026-01-14,REF006,5,5
2026-02-19,REF037,4,16
2025-06-04,REF018,9,5
2026-05-04,REF033,7,15
2025-07-04,REF014,1,7
2025-09-13,REF015,1,5
2025-08-06,REF043,5,10
2026-04-24,REF018,8,11
2025-08-31,REF042,4,11
2026-02-14,REF036,1,16
2025-11-28,REF008,5,20
2026-03-09,REF022,2,12
2026-04-25,REF003,4,8
2025-07-01,REF045,9,6
2025-07-16,REF036,1,10
2025-07-07,REF017,5,1
2026-03-10,REF038,2,9
2026-04-01,REF031,4,9
2026-03-24,REF004,2,20
2025-10-07,REF032,8,15
2025-12-21,REF027,1,15
2025-12-26,REF023,9,9
2026-02-03,REF030,2,4
2025-10-30,REF015,2,12
2025-10-18,REF038,9,12
2026-03-17,REF005,9,9
2026-03-08,REF015,10,5
2025-11-11,REF027,5,17
2026-01-20,REF028,8,15
2026-01-08,REF008,9,8
2026-04-21,REF013,6,15
2026-01-03,REF037,9,14
2025-08-17,REF015,6,12
2025-10-13,REF011,4,16
2026-01-09,REF009,8,11
2025-10-15,REF044,9,4
2025-11-01,REF045,1,19
2026-05-02,REF044,9,14
2026-01-19,REF046,9,11
2025-09-03,REF029,5,1
2026-04-09,REF037,9,2
2025-11-21,REF049,8,14
2025-12-18,REF019,2,15
2025-06-28,REF003,9,8
2025-09-08,REF050,10,1
2025-10-02,REF025,8,20
2025-12-03,REF023,8,14
2026-01-27,REF048,6,3
2026-01-11,REF011,3,9
2025-11-18,REF007,2,16
2026-04-15,REF042,10,1
2026-05-09,REF043,5,8
2026-02-27,REF028,2,12
2025-09-27,REF025,9,20
2026-02-04,REF038,3,2
2025-09-18,REF043,7,15
2025-10-02,REF046,7,8
2026-05-13,REF049,10,7
2025-12-26,REF039,8,10
2025-08-31,REF035,3,1
2025-10-20,REF011,8,3
2026-03-31,REF042,3,2
2025-08-31,REF013,4,15
2025-07-06,REF004,5,6
2026-05-10,REF021,6,19
2025-11-16,REF003,8,7
2025-12-09,REF015,10,19
2025-09-03,REF049,9,2
2025-11-13,REF028,5,14
2025-09-21,REF027,1,15
2025-05-28,REF043,7,12
2025-11-20,REF046,8,3
2026-03-21,REF047,1,20
2025-06-13,REF034,3,3
2025-09-23,REF015,5,18
2025-06-19,REF024,4,5
2025-10-05,REF037,3,2
2026-04-16,REF050,1,7
2025-07-23,REF046,1,3
2025-09-02,REF032,9,8
2025-11-15,REF020,3,10
2026-01-08,REF009,8,15
2025-06-30,REF020,6,3
2025-10-13,REF048,7,6
2026-05-17,REF015,3,13
2025-12-06,REF044,5,20
2025-05-29,REF017,1,18
2026-01-15,REF033,5,18
2026-01-06,REF037,2,10
2025-07-24,REF029,2,11
2025-12-29,REF037,3,19
2025-11-16,REF005,10,18
2025-08-24,REF020,3,14
2026-02-26,REF022,8,11
2026-02-14,REF013,9,9
2025-10-10,REF008,7,2
2026-03-21,REF042,4,4
2025-08-23,REF038,1,18
2025-12-21,REF012,8,11
2026-03-28,REF013,5,8
2026-04-08,REF050,1,2
2025-06-21,REF026,6,3
2025-07-22,REF003,2,10
2025-09-10,REF025,9,17
2025-10-08,REF007,5,2
2025-07-20,REF017,6,10
2025-08-10,REF010,3,13
2026-03-15,REF025,7,2
2026-04-11,REF018,1,13
2025-07-20,REF042,7,15
2025-10-21,REF038,3,18
2025-12-30,REF037,5,20
2026-05-18,REF002,3,19
2025-05-29,REF046,10,5
2025-06-21,REF039,6,19
2025-11-04,REF020,10,2
2025-08-12,REF048,4,1
2025-08-10,REF020,1,7
2025-12-14,REF040,8,20
2026-02-10,REF016,2,14
2026-02-18,REF041,7,6
2026-01-07,REF017,2,4
2026-04-10,REF041,7,1
2025-12-12,REF039,9,15
2025-11-05,REF014,9,10
2025-12-23,REF033,7,20
2026-01-24,REF008,8,19
2025-08-30,REF046,1,11
2025-08-29,REF041,10,7
2025-11-03,REF047,4,15
2025-10-12,REF015,10,4
2026-02-06,REF047,8,4
2025-05-31,REF017,6,17
2025-06-15,REF009,8,4
2025-09-30,REF038,9,6
2026-01-06,REF035,8,19
2025-12-24,REF043,4,6
2025-09-03,REF035,7,10
2026-04-21,REF016,8,2
2025-10-19,REF030,7,8
2026-01-15,REF046,5,20
2025-05-22,REF022,1,3
2026-02-01,REF025,2,1
2026-05-15,REF043,6,13
2026-01-20,REF032,1,11
2025-11-17,REF032,9,16
2025-10-31,REF048,7,6
2025-06-28,REF005,1,8
2025-11-09,REF002,7,15
2026-04-29,REF016,3,17
2025-06-29,REF011,10,20
2025-07-26,REF016,10,9
2026-05-01,REF034,7,14
2025-09-29,REF015,10,10
2025-12-22,REF004,8,16
2025-10-05,REF025,6,16
2025-12-28,REF014,8,18
2025-11-25,REF045,5,14
2025-07-27,REF005,3,2
2025-06-17,REF020,9,12
2025-08-26,REF002,1,8
2025-12-17,REF015,3,10
2026-05-04,REF010,9,12
2025-06-13,REF018,1,15
2026-04-26,REF033,5,15
2025-08-10,REF031,6,6
2026-01-16,REF028,10,3
2026-04-11,REF033,3,20
2025-07-02,REF049,4,16
2026-01-24,REF020,5,17
2025-12-16,REF011,9,18
2025-06-24,REF001,7,13
2025-11-01,REF012,9,7
2025-07-11,REF048,1,9
2026-05-14,REF021,1,5
2025-07-28,REF031,1,12
2025-06-16,REF030,8,2
2026-03-17,REF028,8,12
2026-02-03,REF002,9,20
2026-01-31,REF032,2,6
2025-12-25,REF046,4,1
2026-03-18,REF046,7,16
2025-06-04,REF015,1,19
2025-06-04,REF027,6,14
2025-11-25,REF042,6,17
2025-08-17,REF017,8,7
2025-08-05,REF018,7,6
2025-06-22,REF047,6,9
2026-04-13,REF029,7,15
2025-05-25,REF032,3,6
2025-07-21,REF043,2,4
2025-08-18,REF036,9,10
2026-04-10,REF023,5,2
2026-01-05,REF018,7,6
2025-09-16,REF006,2,14
2026-03-29,REF045,8,1
2025-10-25,REF024,8,5
2025-06-30,REF018,5,18
2026-03-16,REF038,8,2
2026-04-21,REF028,5,19
2025-09-04,REF023,9,14
2025-06-08,REF050,9,16
2025-08-03,REF032,4,4
2026-01-11,REF018,9,10
2025-11-01,REF006,5,13
2025-11-15,REF042,1,19
2026-05-04,REF030,9,2
2025-10-11,REF017,1,16
2026-05-14,REF038,8,8
2025-09-20,REF022,3,17
2025-09-21,REF010,1,14
2025-11-18,REF027,3,3
2025-10-31,REF005,2,2
2025-11-14,REF022,10,20
2025-10-10,REF050,2,9
2025-06-21,REF044,8,9
2025-06-09,REF013,10,19
2025-07-20,REF018,1,5
2025-06-25,REF050,6,8
2025-11-11,REF033,3,6
2025-05-31,REF010,2,2
2025-08-13,REF004,1,14
2025-10-06,REF034,2,11
2025-08-17,REF029,10,8
2025-10-04,REF036,5,9
2025-12-03,REF048,1,10
2026-05-12,REF004,9,17
2026-04-04,REF046,6,9
2025-12-18,REF012,8,6
2026-01-18,REF028,1,7
2026-02-06,REF027,6,17
2026-04-30,REF043,2,19
2025-07-27,REF049,9,19
2026-02-03,REF020,3,10
2025-07-14,REF035,9,9
2025-06-23,REF044,4,17
2025-10-08,REF029,10,16
2025-08-03,REF024,10,16
2026-03-17,REF016,7,16
2025-05-28,REF029,6,18
2026-02-24,REF018,10,6
2026-05-09,REF004,3,8
2025-09-04,REF047,1,12
2025-10-14,REF003,5,2
2026-02-26,REF004,4,10
2025-07-22,REF013,10,6
2026-05-01,REF025,6,4
2026-03-22,REF032,9,6
2026-03-18,REF041,2,2
2026-03-12,REF015,7,20
2026-04-04,REF002,1,12
2026-03-30,REF006,3,2
2026-01-01,REF019,7,13
2025-07-31,REF030,7,17
2026-03-30,REF049,5,2
2025-12-08,REF027,1,5
2025-09-04,REF047,10,10
2026-01-05,REF028,9,10
2025-05-31,REF006,10,19
2026-04-09,REF024,6,9
2026-05-06,REF013,7,3
2025-07-17,REF011,6,12
2025-11-02,REF035,2,11
2025-11-19,REF011,9,13
2026-05-03,REF013,6,18
2025-08-18,REF044,3,3
2026-02-08,REF040,10,20
2026-01-25,REF048,8,1
2025-08-07,REF001,6,16
2025-09-23,REF002,4,17
2026-02-03,REF044,4,3
2025-09-06,REF001,6,14
2025-06-14,REF012,1,17
2026-03-10,REF038,6,16
2026-02-07,REF038,4,14
2025-10-27,REF009,6,16
2025-11-25,REF021,2,8
2025-06-13,REF018,9,2
2025-08-27,REF005,7,7
2025-07-29,REF026,4,6
2025-12-31,REF001,8,6
2025-09-15,REF033,3,18
2026-03-26,REF044,2,9
2025-10-01,REF002,9,9
2025-10-16,REF040,9,4
2025-10-29,REF035,4,1
2025-05-31,REF006,8,20
2025-06-27,REF035,9,5
2025-09-02,REF012,2,8
2026-04-22,REF045,7,7
2025-10-09,REF034,4,9
2025-08-28,REF027,2,12
2026-02-27,REF003,2,11
2026-01-06,REF003,9,3
2025-06-08,REF026,3,2
2026-04-23,REF026,8,7
2026-01-05,REF011,8,7
2025-08-10,REF044,10,12
2025-08-18,REF041,5,8
2026-01-30,REF003,2,2
2026-05-12,REF049,6,2
2026-05-09,REF044,2,11
2026-04-18,REF008,2,4
2025-12-13,REF014,7,13
2026-04-11,REF006,1,15
2025-12-27,REF034,1,1
2025-08-23,REF034,8,10
2026-01-21,REF038,1,11
2026-05-10,REF003,8,1
2026-01-23,REF009,2,7
2026-01-06,REF009,9,3
2025-06-09,REF021,2,17
2026-01-09,REF042,8,7
2026-03-01,REF023,6,12
2025-08-02,REF035,9,18
2026-03-17,REF023,2,20
2025-11-04,REF030,7,13
2025-11-01,REF022,9,11
2025-12-05,REF035,2,19
2025-11-06,REF041,1,17
2026-02-25,REF010,4,6
2025-09-09,REF039,4,7
2025-09-11,REF035,10,5
2025-06-27,REF008,3,1
2025-06-04,REF032,1,7
2025-06-14,REF050,3,10
2026-03-06,REF029,7,1
2026-04-10,REF006,4,13
2026-02-25,REF002,3,1
2025-05-28,REF032,6,1
2025-08-17,REF005,4,11
2025-07-02,REF045,9,7
2025-06-25,REF020,7,13
2026-05-16,REF025,5,3
2026-01-20,REF025,10,1
2025-08-13,REF046,4,19
2025-06-08,REF031,2,20
2025-07-02,REF019,9,18
2026-03-05,REF046,2,6
2026-01-02,REF046,7,12
2025-11-09,REF002,7,12
2025-07-29,REF015,9,18
2025-12-08,REF016,3,19
2026-03-29,REF024,3,4
2025-06-08,REF046,2,7
2026-01-09,REF005,2,19
2025-09-18,REF038,2,11
2025-12-31,REF022,10,5
2025-12-07,REF049,1,16
2025-12-30,REF026,3,17
2025-12-12,REF035,4,19
2026-04-22,REF037,10,13
2025-12-18,REF018,3,6
2025-12-26,REF014,4,5
2025-12-21,REF027,6,5
2025-08-09,REF048,3,4
2025-07-20,REF014,2,18
2025-10-22,REF019,1,5
2025-09-10,REF044,5,2
2025-07-02,REF002,8,15
2026-01-03,REF029,3,13
2025-10-13,REF005,4,11
2025-12-27,REF005,8,12
2026-04-06,REF010,9,8
2026-03-06,REF021,6,16
2025-12-21,REF011,2,2
2025-05-26,REF037,5,20
2025-05-31,REF027,4,1
2026-05-07,REF044,1,19
2026-02-23,REF030,1,9
2025-09-30,REF017,2,19
2026-01-15,REF035,4,16
2025-08-03,REF018,6,17
2026-04-12,REF037,6,16
2026-03-15,REF026,3,8
2026-03-18,REF016,5,20
2025-11-02,REF040,9,7
2025-08-18,REF003,9,19
2025-05-27,REF009,5,1
2025-12-09,REF005,10,13
2026-05-14,REF038,3,12
2026-04-16,REF018,4,16
2026-02-28,REF049,8,2
2026-01-25,REF045,6,19
2026-03-30,REF013,1,2
2025-06-03,REF043,10,8
2025-12-11,REF049,8,18
2025-11-30,REF037,9,20
2026-01-29,REF031,9,13
2025-07-02,REF047,4,14
2025-09-23,REF015,1,15
2025-05-28,REF036,10,7
2026-03-07,REF002,4,19
2025-12-12,REF032,10,10
2026-02-21,REF028,1,3
2025-07-19,REF004,4,2
2025-12-20,REF012,3,3
2025-09-26,REF008,3,20
2026-01-04,REF040,3,16
2025-07-17,REF038,1,10
2026-01-11,REF036,3,16
2025-12-03,REF039,7,5
2025-06-24,REF026,7,8
2025-11-10,REF047,2,5
2026-01-23,REF044,6,17
2025-11-03,REF014,3,14
2025-06-18,REF030,8,10
2026-01-14,REF025,6,20
2026-04-03,REF006,5,6
2026-05-07,REF010,1,20
2025-10-10,REF034,10,14
2026-01-20,REF002,6,8
2026-01-08,REF013,9,7
2025-07-17,REF044,2,1
2026-05-17,REF002,3,6
2026-01-25,REF002,3,5
2025-12-18,REF036,4,5
2025-10-17,REF048,3,1
2026-02-03,REF016,10,2
2025-05-21,REF016,1,15
2025-08-09,REF045,7,15
2026-03-10,REF025,1,9
2026-02-20,REF036,8,7
2026-04-04,REF005,3,8
2026-04-30,REF045,3,19
2026-03-13,REF020,9,10
2025-09-02,REF046,10,8
2025-10-07,REF010,1,16
2026-02-26,REF006,4,1
2025-07-19,REF034,8,19
2026-01-21,REF013,4,4
2025-12-11,REF043,2,5
2026-03-30,REF015,2,18
2025-08-01,REF045,6,20
2026-03-19,REF041,9,13
2026-04-24,REF018,4,3
2026-04-09,REF010,5,3
2025-07-21,REF047,7,17
2025-09-22,REF050,10,9
2026-03-14,REF038,7,17
2025-07-23,REF044,6,8
2026-02-11,REF024,1,11
2025-11-07,REF050,6,3
2026-03-17,REF004,7,3
2025-09-29,REF005,5,15
2025-05-27,REF034,5,4
2026-03-16,REF015,10,16
2025-05-21,REF018,5,7
2026-02-05,REF010,2,9
2025-12-13,REF032,5,14
2025-12-28,REF013,3,19
2026-04-05,REF038,5,7
2026-03-12,REF023,7,2
2026-05-05,REF036,1,12
2026-02-01,REF048,9,10
2026-03-04,REF015,10,18
2026-03-26,REF046,4,18
2026-05-12,REF043,8,20
2026-05-07,REF012,5,6
2026-04-21,REF013,3,14
2026-04-27,REF038,6,11
2025-06-16,REF001,9,3
2026-03-17,REF048,1,14
2026-01-15,REF032,1,13
2025-11-03,REF029,8,19
2025-07-09,REF032,5,12
2026-01-10,REF048,6,3
2026-03-12,REF003,5,14
2026-04-18,REF003,7,1
2026-03-19,REF005,1,19
2025-10-16,REF007,9,4
2025-07-08,REF022,4,7
2026-03-21,REF049,8,14
2025-09-26,REF008,8,20
2025-07-30,REF018,5,20
2026-02-08,REF029,7,20
2026-05-17,REF029,8,14
2025-07-17,REF009,2,7
2025-11-03,REF035,1,20
2025-06-26,REF021,5,20
2026-03-04,REF039,2,5
2025-12-19,REF008,8,6
2025-09-22,REF048,6,19
2026-03-09,REF011,3,19
2026-04-21,REF048,6,15
2026-03-06,REF013,2,6
2025-10-26,REF008,6,12
2026-02-14,REF032,1,13
2025-07-09,REF044,5,3
2026-01-02,REF005,2,10
2026-04-10,REF045,2,14
2025-08-01,REF018,10,15
2025-09-26,REF020,8,17
2026-04-20,REF036,1,12
2025-05-29,REF023,6,4
2026-04-30,REF004,3,13
2025-09-04,REF002,2,15
2026-05-02,REF021,8,9
2026-02-27,REF007,6,4
2025-07-13,REF002,5,3
2026-04-02,REF020,1,8
2025-11-02,REF003,8,13
2025-05-25,REF025,7,19
2026-03-19,REF021,5,16
2025-08-15,REF028,3,5
2026-04-07,REF049,1,11
2025-08-18,REF046,1,6
2025-12-22,REF038,6,1
2026-01-09,REF047,4,2
2026-03-07,REF023,5,17
2025-11-14,REF015,9,19
2026-05-05,REF050,4,8
2025-07-18,REF040,8,5
2026-01-28,REF004,5,2
2025-07-19,REF044,10,10
2025-10-17,REF009,6,18
2025-10-08,REF044,1,15
2025-12-21,REF005,6,12
2025-11-22,REF013,2,17
2026-01-19,REF002,3,16
2025-08-01,REF014,1,12
2025-07-02,REF035,1,16
2025-07-03,REF041,1,9
2025-06-01,REF041,6,14
2026-02-14,REF003,1,14
2026-03-26,REF033,6,14
2025-07-20,REF023,3,19
2025-11-10,REF018,8,5
2026-04-23,REF021,9,6
2025-10-20,REF050,8,10
2026-02-17,REF036,3,18
2026-02-06,REF006,8,10
2025-07-05,REF013,5,19
2025-11-01,REF025,5,2
2025-06-15,REF027,2,10
2025-07-02,REF006,1,10
2025-10-16,REF046,7,6
2025-10-06,REF033,8,17
2026-02-09,REF039,7,18
2025-10-26,REF040,1,8
2025-09-03,REF045,10,13
2025-10-13,REF001,8,20
2025-07-12,REF047,5,9
2026-03-04,REF046,6,9
2025-08-25,REF016,6,11
2025-12-30,REF010,7,5
2026-04-14,REF006,2,18
2026-02-22,REF045,9,10
2025-06-12,REF015,6,1
2025-12-26,REF007,10,12
2026-01-13,REF002,3,13
2025-11-11,REF019,10,15
2026-02-10,REF026,8,3
2026-02-10,REF019,10,2
2025-07-14,REF026,10,19
2026-01-05,REF022,4,16
2026-05-19,REF002,1,2
2025-08-03,REF005,7,13
2026-04-15,REF004,6,6
2026-04-12,REF029,7,3
2025-10-12,REF024,2,4
2026-05-08,REF035,10,15
2025-08-01,REF023,6,6
2025-05-27,REF010,10,14
2026-03-04,REF008,2,8
2026-02-18,REF002,3,18
2025-11-27,REF033,10,20
2026-04-07,REF039,5,13
2026-04-09,REF011,4,17
2025-12-24,REF011,3,1
2026-04-12,REF008,2,3
2025-12-27,REF028,2,6
2026-01-03,REF047,8,10
2026-03-07,REF014,3,4
2025-10-10,REF029,8,7
2026-03-05,REF048,6,10
2025-08-18,REF040,7,16
2026-03-26,REF032,8,13
2025-11-22,REF014,8,9
2025-10-15,REF027,10,14
2025-08-19,REF032,3,13
2025-09-17,REF006,7,5
2025-09-14,REF011,7,8
2025-11-26,REF048,9,6
2026-01-10,REF040,2,1
2025-06-27,REF046,8,8
2025-06-02,REF019,9,6
2025-09-14,REF021,9,17
2025-08-23,REF017,1,14
2025-12-12,REF043,7,20
2025-12-19,REF013,5,12
2026-04-25,REF009,3,12
2025-07-21,REF030,2,12
2025-09-01,REF019,2,4
2026-03-29,REF021,6,1
2025-12-06,REF019,5,3
2025-07-06,REF004,7,17
2026-04-28,REF037,5,14
2025-12-29,REF034,6,19
2026-02-11,REF042,8,10
2026-02-03,REF012,1,16
2025-07-10,REF003,4,19
2025-05-27,REF035,4,1
2025-05-21,REF031,10,1
2025-05-23,REF034,7,3
2025-12-27,REF031,1,9
2025-11-03,REF037,2,7
2025-08-24,REF042,3,20
2025-10-13,REF035,2,14
2026-04-25,REF005,3,13
2026-04-29,REF009,9,13
2026-02-13,REF046,1,8
2025-09-05,REF015,9,20
2025-08-04,REF010,1,12
2026-01-30,REF048,4,13
2025-06-17,REF032,10,13
2026-05-10,REF005,2,19
2026-01-26,REF040,3,20
2025-08-11,REF015,3,7
2026-02-17,REF043,9,16
2025-11-30,REF017,9,3
2025-09-20,REF006,8,6
2026-05-19,REF005,10,8
2025-07-22,REF036,10,16
2025-11-20,REF020,2,3
2025-12-27,REF030,4,14
2026-02-25,REF041,10,7
2026-01-26,REF039,2,15
2026-04-12,REF050,4,3
2026-01-09,REF026,1,11
2025-09-27,REF024,9,6
2026-04-26,REF022,7,8
2026-01-14,REF005,8,1
2025-10-20,REF043,2,20
2026-03-31,REF035,2,5
2025-10-09,REF020,10,1
2025-07-01,REF016,8,14
2025-06-07,REF030,4,11
2025-08-27,REF009,3,11
2025-05-27,REF033,7,6
2025-10-31,REF011,4,12
2025-06-09,REF008,9,10
2025-11-02,REF008,8,19
2026-02-24,REF004,9,12
2026-03-02,REF013,7,14
2025-07-12,REF020,8,4
2025-11-27,REF017,4,9
2025-06-05,REF007,2,16
2025-11-23,REF008,2,4
2026-02-03,REF022,10,19
2025-11-08,REF016,10,13
2026-04-06,REF047,3,14
2025-08-03,REF046,8,9
2026-05-08,REF050,6,5
2026-01-12,REF040,2,4
2025-12-30,REF001,4,8
2026-01-09,REF022,10,3
2025-09-11,REF049,5,9
2025-10-01,REF029,9,7
2026-03-31,REF031,2,12
2026-02-06,REF021,4,19
2026-03-19,REF034,2,10
2025-12-03,REF032,5,4
2026-05-19,REF005,8,17
2025-10-27,REF007,1,20
2025-07-20,REF015,8,7
2025-08-15,REF041,3,2
2025-10-14,REF007,6,20
2025-07-05,REF012,6,1
2026-01-14,REF002,10,1
2026-03-24,REF006,4,7
2025-12-20,REF037,2,8
2026-03-17,REF048,10,15
2025-08-02,REF003,7,18
2025-08-11,REF048,5,7
2026-02-26,REF044,6,11
2026-03-17,REF033,5,15
2025-09-05,REF029,1,15
2025-05-30,REF045,3,6
2026-01-01,REF038,3,8
2025-10-14,REF027,1,19
2025-10-06,REF029,2,4
2026-03-06,REF003,10,4
2025-10-12,REF036,4,4
2026-01-26,REF036,8,2
2026-01-01,REF018,1,3
2025-06-11,REF044,4,18
2026-03-01,REF042,10,15
2026-01-22,REF037,10,18
2026-05-18,REF036,4,14
2025-07-24,REF006,6,8
2025-08-17,REF020,7,15
2026-05-03,REF048,4,17
2026-03-10,REF040,5,17
2026-02-25,REF044,2,6
2025-10-07,REF014,4,6
2026-05-13,REF002,8,2
2025-06-22,REF010,9,1
2026-05-07,REF028,3,2
2025-10-09,REF042,9,8
2025-07-09,REF018,3,10
2026-02-09,REF010,5,4
2025-11-02,REF050,5,15
2026-01-26,REF017,5,14
2026-02-03,REF043,4,12
2025-09-22,REF047,10,10
2026-04-01,REF046,6,20
2025-12-21,REF040,3,16
2026-04-04,REF021,7,2
2026-04-08,REF032,10,15
2026-05-14,REF010,6,12
2025-10-22,REF025,8,3
2025-10-02,REF041,7,11
2026-01-02,REF016,9,1
2025-07-20,REF050,2,1
2026-04-05,REF012,6,10
2026-03-16,REF008,7,2
2025-09-22,REF025,7,14
2025-09-12,REF013,2,8
2025-12-11,REF026,6,20
2025-06-02,REF007,8,16
2026-05-12,REF028,1,14
2025-07-25,REF029,2,11
2025-10-01,REF014,7,1
2025-07-04,REF010,9,7
2025-05-23,REF030,7,13
2025-09-03,REF033,9,1
2025-11-21,REF009,4,13
2026-02-09,REF039,8,12
2026-05-07,REF037,5,4
2025-12-16,REF003,1,12
2025-10-08,REF042,5,8
2025-07-19,REF025,3,19
2025-06-05,REF004,7,12
2026-04-01,REF013,4,13
2025-09-30,REF029,7,10
2026-02-10,REF003,2,3
2025-11-23,REF021,10,14
2025-06-05,REF016,8,4
2026-03-27,REF003,5,5
2026-04-13,REF010,6,12
2025-05-26,REF039,2,5
2026-03-18,REF038,1,8
2026-01-14,REF027,5,3
2026-02-16,REF017,4,10
2025-11-03,REF009,8,12
2025-12-18,REF011,4,4
2025-11-21,REF049,10,19
2026-01-14,REF004,5,14
2025-10-20,REF047,2,19
2025-10-02,REF003,2,17
2025-07-11,REF023,5,18
2025-08-03,REF031,10,8
2026-04-28,REF026,3,2
2026-05-13,REF032,2,3
2025-10-19,REF021,3,1
2026-01-18,REF025,8,8
2025-06-30,REF006,7,12
2026-04-04,REF019,4,15
2025-11-04,REF034,8,2
2025-12-31,REF044,7,4
2025-09-30,REF026,7,4
2026-03-16,REF044,8,15
2026-01-27,REF001,6,10
2026-01-17,REF007,3,13
2026-02-18,REF034,9,16
2025-08-17,REF042,1,9
2025-06-26,REF030,1,11
2026-01-01,REF019,3,16
2026-04-14,REF040,3,7
2026-01-17,REF028,3,5
2026-03-24,REF034,9,8
2025-09-22,REF049,6,20
2025-09-10,REF039,8,5
2026-05-06,REF033,9,9
2025-09-12,REF005,5,11
2026-02-18,REF023,9,16
2025-12-04,REF044,4,8
2025-09-19,REF043,3,1
2026-02-19,REF034,6,3
2025-12-26,REF030,6,10
2026-04-17,REF010,7,17
2025-10-20,REF017,5,2
2025-06-06,REF024,3,14
2025-06-03,REF022,4,7
2026-04-15,REF023,6,18
2026-02-11,REF017,1,14
2026-05-08,REF023,10,8
2026-03-01,REF015,8,6
2025-07-14,REF008,5,14
2025-10-03,REF042,10,7
2026-03-03,REF013,4,8
2025-06-07,REF023,6,1
2025-05-24,REF001,8,16
2025-09-21,REF030,4,8
2025-09-08,REF002,3,14
2026-04-27,REF038,9,14
2025-10-16,REF003,10,17
2025-11-10,REF049,7,7
2025-05-26,REF020,10,14
2025-11-13,REF014,5,16
2026-05-12,REF036,9,18
2026-03-16,REF005,10,6
2025-07-03,REF011,8,1
2026-03-18,REF020,3,10
2026-03-27,REF013,7,12
2026-01-25,REF008,6,9
2026-02-12,REF024,5,13
2025-10-16,REF003,5,9
2026-05-11,REF038,1,19
2026-01-03,REF012,2,12
2026-04-05,REF005,2,12
2025-10-21,REF026,3,4
2025-11-02,REF019,3,4
2026-03-24,REF024,7,20
2025-10-22,REF018,1,4
2025-07-09,REF038,1,2
2025-10-27,REF025,2,20
2025-11-03,REF028,9,19
2026-03-11,REF038,8,12
2026-03-26,REF046,2,4
2025-09-21,REF029,2,5
2026-02-24,REF013,9,9
2025-12-25,REF008,7,13
2025-11-25,REF048,3,2
2026-01-02,REF003,9,13
2025-08-27,REF014,6,19
2026-01-12,REF030,3,11
2025-11-22,REF048,5,10
2025-12-31,REF044,7,9
2025-06-04,REF049,2,15
2025-08-03,REF006,1,4
2025-11-12,REF021,4,7
2025-06-29,REF049,5,19
2026-01-15,REF033,5,5
2026-02-22,REF026,7,19
2025-12-19,REF038,8,19
2026-01-22,REF033,9,10
2026-04-21,REF027,1,18
2025-10-18,REF043,3,20
2026-02-24,REF033,8,4
2026-05-09,REF040,1,14
2025-11-19,REF044,9,7
2026-01-29,REF013,9,16
2026-01-28,REF005,9,8
2026-04-07,REF031,3,11
2026-01-11,REF012,8,8
2026-01-27,REF020,8,11
2026-05-02,REF037,8,12
2025-12-28,REF008,3,15
2026-01-04,REF025,10,11
2025-08-17,REF031,3,7
2026-01-05,REF044,10,12
2025-12-05,REF018,4,9
2026-05-12,REF023,10,1
2025-09-15,REF033,5,16
2026-05-01,REF025,1,8
2026-03-01,REF012,8,15
2025-08-02,REF037,9,1
2026-03-07,REF043,2,13
2026-03-30,REF016,7,10
2025-12-30,REF022,9,18
2025-11-30,REF015,8,16
2025-12-13,REF002,4,1
2025-08-21,REF021,5,13
2025-06-27,REF005,9,19
2026-05-10,REF038,9,2
2025-10-11,REF050,8,7
2025-09-08,REF009,4,5
2025-11-27,REF004,1,8
2026-03-31,REF031,9,15
2026-02-02,REF001,4,12
2025-09-04,REF044,7,3
2025-06-11,REF017,10,6
2025-11-14,REF040,4,9
2025-07-26,REF041,4,4
2025-10-17,REF044,10,3
2025-09-26,REF050,9,7
2026-05-11,REF021,1,7
2026-02-01,REF014,4,17
2025-10-13,REF018,8,6
2025-05-25,REF044,7,3
2026-01-01,REF001,1,20
2026-02-12,REF008,9,17
2026-02-28,REF031,7,5
2026-03-04,REF027,8,10
2025-08-28,REF044,5,10
2026-04-27,REF040,3,10
2025-07-21,REF016,7,3
2025-07-16,REF049,8,3
2026-01-25,REF009,7,1
2025-10-20,REF021,6,7
2026-03-14,REF012,2,16
2025-07-22,REF038,5,13
2026-01-23,REF035,9,18
2026-04-23,REF025,10,14
2025-07-15,REF044,3,13
2025-06-06,REF048,4,1
2025-09-06,REF013,7,18
2026-02-12,REF043,7,8
2025-09-15,REF008,3,5
2025-10-04,REF001,4,12
2026-05-08,REF007,4,2
2026-05-19,REF040,5,18
2025-09-06,REF029,5,8
2025-11-23,REF016,3,10
2025-11-15,REF026,1,10
2025-09-05,REF014,10,10
2025-08-22,REF050,6,17
2025-08-26,REF024,3,13
2026-02-04,REF020,8,3
2025-12-01,REF040,10,15
2025-12-03,REF022,1,6
2025-12-30,REF043,5,11
2025-06-29,REF024,7,12
2026-01-02,REF036,8,2
2026-01-30,REF045,6,11
2026-03-09,REF047,9,19
2025-11-09,REF047,10,12
2025-07-05,REF010,6,18
2025-06-24,REF047,5,10
2025-09-22,REF035,1,16
2025-09-24,REF016,2,16
2026-03-10,REF007,4,4
2026-04-07,REF048,9,15
2025-08-08,REF020,7,3
2025-11-17,REF014,10,8
2026-03-02,REF017,2,12
2026-01-07,REF026,5,5
2025-12-03,REF024,5,13
2025-08-22,REF034,3,2
2025-09-15,REF040,3,19
2025-06-29,REF003,4,16
2025-09-02,REF022,3,15
2026-04-30,REF016,8,4
2026-05-01,REF027,1,17
2026-03-09,REF011,6,20
2025-08-21,REF027,4,4
2025-07-26,REF047,2,17
2025-07-05,REF034,3,10
2025-09-17,REF026,9,11
2026-01-23,REF009,4,2
2025-06-26,REF032,4,7
2025-07-02,REF027,10,8
2026-01-22,REF029,9,7
2025-12-26,REF019,2,11
2025-08-07,REF047,4,10
2026-03-06,REF003,4,16
2025-09-29,REF050,3,18
2025-08-09,REF002,2,17
2025-08-22,REF005,10,5
2025-10-05,REF028,4,1
2025-09-18,REF050,5,19
2026-01-28,REF015,6,7
2026-05-13,REF009,2,15
2026-03-20,REF048,2,1
2026-02-20,REF020,4,1
2026-04-01,REF045,10,3
2025-10-20,REF012,2,1
2025-07-30,REF045,5,8
2025-07-27,REF035,5,7
2025-10-16,REF010,10,16
2025-07-03,REF028,4,13
2025-12-21,REF011,4,7
2026-05-08,REF042,10,10
2026-03-22,REF030,10,5
2026-04-17,REF035,4,5
2025-06-06,REF042,5,5
2026-04-14,REF050,9,14
2025-11-20,REF033,9,19
2026-03-30,REF002,5,9
2025-07-20,REF021,5,20
2025-10-13,REF032,9,8
2025-09-09,REF007,1,6
2026-05-12,REF035,6,4
2025-11-30,REF039,7,11
2025-06-12,REF022,9,16
2025-11-15,REF031,2,12
2025-07-24,REF036,1,11
2025-06-21,REF037,6,12
2025-05-29,REF013,4,19
2026-05-18,REF050,9,19
2025-10-20,REF008,10,5
2026-02-19,REF022,10,9
2025-06-05,REF029,8,15
2025-05-25,REF029,5,15
2025-07-04,REF018,5,11
2026-04-05,REF001,6,14
2026-01-27,REF006,3,5
2026-05-14,REF003,3,1
2026-03-01,REF001,8,13
2025-11-03,REF026,7,17
2025-12-31,REF035,9,3
2025-08-05,REF002,3,10
2025-11-03,REF008,1,4
2026-05-12,REF037,1,18
2026-04-07,REF031,10,16
2025-12-27,REF020,3,5
2026-05-03,REF045,1,12
2025-06-09,REF041,8,20
2025-08-21,REF044,2,20
2026-01-03,REF025,4,15
2026-02-01,REF045,9,20
2026-02-20,REF021,9,20
2025-09-09,REF045,10,11
2026-01-29,REF025,7,9
2026-03-29,REF040,10,3
2025-08-10,REF007,4,14
2026-04-01,REF002,3,6
2025-08-12,REF049,9,7
2025-06-10,REF013,10,17
2025-11-12,REF007,7,13
2025-09-12,REF043,4,20
2025-11-07,REF016,9,10
2026-04-22,REF004,2,8
2025-05-20,REF036,6,8
2025-09-15,REF040,3,12
2025-11-02,REF015,10,11
2026-05-14,REF009,4,1
2025-11-22,REF038,8,8
2025-07-06,REF006,8,17
2025-12-25,REF011,2,8
2025-10-13,REF012,7,12
2025-11-12,REF038,9,14
2026-01-04,REF035,3,17
2025-06-15,REF020,10,2
2025-08-07,REF025,2,15
2025-11-19,REF001,8,7
2026-01-09,REF016,9,2
2025-09-26,REF046,7,3
2025-09-25,REF002,3,6
2026-02-12,REF007,8,11
2025-08-10,REF012,10,11
2025-10-20,REF036,8,7
2025-12-09,REF027,3,8
2026-01-19,REF014,4,1
2025-07-17,REF012,9,13
2025-06-26,REF012,6,16
2025-08-13,REF050,8,1
2025-08-31,REF029,3,18
2026-04-08,REF050,3,16
2025-11-30,REF011,2,6
2026-02-04,REF010,5,19
2026-05-10,REF008,10,2
2025-10-11,REF023,2,3
2025-10-28,REF032,6,13
2025-10-08,REF032,8,12
2026-05-13,REF013,5,10
2026-03-06,REF046,6,12
2025-10-12,REF031,2,6
2025-07-02,REF022,3,6
2025-07-19,REF039,3,16
2026-04-16,REF032,1,13
2026-02-05,REF028,4,3
2026-04-13,REF008,1,17
2025-06-28,REF050,3,8
2025-10-06,REF022,7,11
2025-08-23,REF019,8,11
2025-07-08,REF045,8,14
2026-04-26,REF039,5,17
2025-07-17,REF042,5,6
2025-06-15,REF014,3,7
2025-09-01,REF040,1,6
2025-07-15,REF046,3,1
2025-06-09,REF022,9,5
2025-05-31,REF015,9,11
2025-12-02,REF027,2,16
2025-06-11,REF022,5,14
2026-04-01,REF024,10,12
2026-03-14,REF008,2,14
2026-02-23,REF025,6,7
2025-08-21,REF022,10,4
2026-03-13,REF028,8,2
2025-06-20,REF013,2,8
2026-04-11,REF013,7,6
2025-09-20,REF003,8,15
2026-05-10,REF048,5,9
2025-11-26,REF029,10,17
2025-08-01,REF004,3,8
2025-05-20,REF021,1,5
2026-03-02,REF011,10,3
2025-11-04,REF020,5,11
2025-06-27,REF048,7,10
2026-05-12,REF050,6,15
2026-04-03,REF005,7,5
2025-07-20,REF018,9,8
2026-03-19,REF036,4,10
2025-10-04,REF028,1,3
2025-07-14,REF006,9,3
2025-07-27,REF012,8,4
2026-05-19,REF048,2,12
2025-05-19,REF012,8,20
2025-08-19,REF017,5,4
2025-06-03,REF043,4,9
2026-04-03,REF048,6,11
2025-08-10,REF017,5,2
2025-08-24,REF029,5,15
2025-11-27,REF016,8,10
2025-08-18,REF026,3,3
2025-08-29,REF022,9,3
2026-03-01,REF050,10,20
2025-05-20,REF048,9,6
2025-11-26,REF027,2,7
2026-01-17,REF033,7,16
2025-08-18,REF026,4,16
2026-05-06,REF015,2,19
2025-05-27,REF002,6,9
2025-12-30,REF040,7,1
2025-12-24,REF046,5,11
2025-10-14,REF008,10,14
2025-07-25,REF042,9,15
2026-02-21,REF019,2,6
2025-08-28,REF026,3,8
2025-12-31,REF020,8,18
2025-08-09,REF014,8,4
2026-02-01,REF040,4,14
2025-10-07,REF048,10,12
2026-03-11,REF011,10,9
2025-11-17,REF027,5,7
2026-02-17,REF008,7,11
2025-08-21,REF030,10,10
2026-01-20,REF023,7,1
2026-04-10,REF013,9,10
2026-02-12,REF041,1,20
2025-06-16,REF044,8,20
2025-12-13,REF017,3,6
2025-12-04,REF002,1,10
2026-02-18,REF013,2,12
2026-02-11,REF044,2,15
2025-07-17,REF004,5,10
2026-01-08,REF001,2,14
2026-03-15,REF029,4,3
2026-04-22,REF044,2,7
2025-10-03,REF027,4,18
2025-06-17,REF016,9,12
2025-07-05,REF040,5,12
2025-06-06,REF004,5,13
2026-03-29,REF023,3,13
2025-11-23,REF047,6,20
2025-09-04,REF035,1,4
2025-10-10,REF030,10,11
2025-07-27,REF018,1,18
2026-03-05,REF025,4,10
2026-02-24,REF049,8,11
2025-07-08,REF017,1,16
2025-11-04,REF050,5,8
2026-04-19,REF050,6,9
2026-03-17,REF024,1,3
2025-08-14,REF019,2,7
2025-12-17,REF042,1,19
2026-03-15,REF005,1,14
2025-08-19,REF003,10,5
2026-01-12,REF041,7,9
2025-06-03,REF050,6,4
2025-07-24,REF019,6,20
2025-08-15,REF048,3,6
2025-08-14,REF040,8,8
2026-04-17,REF006,1,4
2026-01-01,REF008,1,9
2025-12-18,REF029,5,16
2025-10-20,REF032,9,4
2026-04-21,REF039,6,13
2026-05-14,REF049,1,7
2025-09-18,REF007,3,7
2026-03-10,REF033,2,17
2025-06-04,REF036,4,14
2026-05-09,REF048,1,14
2025-10-12,REF044,10,7
2025-10-08,REF003,3,7
2026-03-25,REF005,10,2
2025-05-22,REF009,8,4
2025-06-02,REF040,7,17
2025-12-11,REF024,7,17
2026-02-10,REF041,9,9
2025-11-19,REF015,5,6
2025-10-23,REF002,3,9
2025-12-31,REF017,4,2
2025-12-01,REF037,3,9
2025-07-18,REF043,2,13
2025-06-10,REF050,10,15
2026-02-05,REF003,1,1
2025-05-27,REF048,10,13
2025-10-21,REF036,10,20
2026-03-26,REF024,9,2
2025-05-25,REF040,3,3
2025-11-30,REF024,2,7
2026-03-09,REF043,3,20
2026-02-24,REF012,4,18
2025-12-25,REF002,4,13
2025-08-13,REF037,9,5
2026-03-28,REF032,1,2
2025-09-21,REF021,2,14
2025-07-03,REF025,4,8
2025-06-18,REF049,2,5
2025-06-04,REF043,7,2
2025-11-21,REF022,6,11
2025-09-04,REF048,1,15
2026-02-08,REF006,7,18
2026-02-03,REF017,10,9
2025-10-19,REF010,7,9
2026-04-30,REF045,7,1
2026-03-20,REF006,6,18
2025-09-15,REF038,10,10
2025-06-19,REF043,4,19
2026-03-14,REF005,4,11
2025-08-18,REF035,8,13
2026-03-08,REF005,9,20
2026-01-07,REF001,3,1
2025-07-26,REF012,9,17
2025-07-25,REF049,1,20
2026-03-15,REF005,5,7
2025-08-06,REF008,4,17
2025-08-17,REF004,6,18
2025-08-19,REF029,9,10
2026-01-18,REF007,10,10
2025-12-25,REF016,2,20
2025-08-10,REF039,7,5
2025-11-02,REF048,2,18
2025-06-14,REF049,5,10
2026-03-02,REF042,7,12
2025-07-26,REF008,5,12
2026-02-23,REF029,4,16
2025-12-26,REF033,7,8
2025-12-15,REF010,8,20
2025-12-23,REF026,6,15
2025-09-17,REF050,10,17
2025-10-26,REF025,5,11
2025-10-07,REF024,6,2
2025-06-05,REF008,7,13
2025-07-11,REF039,1,12
2026-01-12,REF020,7,9
2025-06-27,REF031,2,17
2025-11-16,REF010,10,15
2026-02-11,REF011,3,10
2025-11-22,REF050,9,2
2025-06-18,REF040,6,4
2025-09-23,REF011,5,6
2026-04-28,REF006,9,17
2025-07-03,REF017,1,9
2025-06-15,REF031,4,18
2025-11-20,REF036,8,18
2025-07-28,REF035,4,14
2026-02-28,REF010,5,8
2026-04-08,REF024,3,17
2026-03-21,REF039,10,6
2025-11-25,REF026,7,13
2025-08-21,REF018,2,20
2026-04-04,REF029,3,6
2025-08-07,REF050,10,10
2025-11-26,REF033,9,7
2025-09-18,REF047,3,15
2025-11-15,REF007,10,8
2025-09-15,REF042,6,16
2025-12-12,REF045,10,17
2025-05-23,REF019,7,5
2026-03-31,REF018,4,16
2026-03-13,REF048,8,10
2025-07-18,REF020,1,8
2026-04-18,REF042,1,13
2026-02-02,REF025,3,4
2025-08-23,REF034,10,20
2026-01-25,REF019,5,19
2025-10-26,REF050,9,1
2026-05-03,REF029,2,15
2025-05-25,REF008,7,6
2025-06-18,REF021,8,18
2025-07-02,REF035,5,18
2026-01-15,REF026,7,3
2026-05-09,REF026,7,4
2026-05-02,REF018,7,15
2025-07-10,REF030,3,1
2025-11-28,REF003,9,13
2026-03-13,REF045,2,8
2025-09-22,REF042,1,4
2025-12-19,REF002,2,9
2025-12-22,REF002,10,1
2025-08-25,REF026,10,5
2025-10-23,REF018,1,16
2025-07-01,REF003,1,8
2025-07-14,REF019,10,4
2025-07-02,REF023,5,16
2026-04-20,REF004,10,9
2025-09-01,REF003,1,3
2025-07-08,REF028,8,11
2025-09-30,REF040,5,18
2025-11-03,REF017,2,9
2025-12-22,REF011,4,19
2025-11-18,REF012,10,5
2026-04-18,REF041,10,19
2026-04-19,REF040,4,14
2026-01-12,REF017,10,10
2025-08-26,REF018,5,11
2025-10-03,REF030,6,9
2025-08-14,REF015,1,5
2025-08-21,REF031,1,4
2026-03-06,REF036,5,11
2025-10-22,REF019,10,19
2025-10-03,REF030,4,12
2025-12-18,REF015,2,18
2026-03-03,REF035,2,10
2026-04-03,REF025,9,20
2025-11-24,REF017,1,10
2025-09-27,REF009,8,19
2025-08-05,REF003,4,15
2025-08-31,REF023,4,8
2026-05-12,REF008,8,20
2025-07-02,REF032,8,13
2026-04-29,REF045,9,13
2025-06-16,REF008,7,4
2025-11-02,REF010,6,3
2025-07-23,REF025,1,1
2025-10-12,REF041,4,14
2026-02-21,REF027,1,10
2026-03-06,REF050,6,8
2025-06-23,REF034,5,20
2025-06-18,REF017,2,19
2026-03-25,REF012,1,3
2025-09-20,REF019,10,10
2025-11-29,REF045,5,20
2026-02-26,REF043,4,1
2026-04-22,REF014,3,11
2025-11-04,REF024,9,2
2025-09-06,REF001,6,20
2025-06-09,REF012,10,4
2025-12-13,REF005,3,5
2025-12-26,REF049,5,20
2025-09-03,REF049,7,12
2026-01-12,REF024,6,13
2025-06-23,REF044,6,19
2025-06-08,REF016,8,4
2025-05-19,REF050,7,7
2025-10-30,REF050,2,16
2026-01-27,REF012,2,10
2026-01-31,REF049,2,1
2026-03-14,REF024,3,17
2025-07-10,REF045,1,6
2025-11-18,REF028,2,8
2026-03-06,REF030,3,12
2025-09-05,REF022,9,5
2026-02-11,REF040,5,17
2025-11-18,REF006,2,14
2025-10-23,REF002,3,9
2025-07-28,REF026,6,19
2025-06-22,REF023,5,3
2026-05-01,REF039,7,5
2026-04-12,REF012,1,1
2025-11-28,REF005,7,17
2025-09-02,REF030,2,18
2026-05-13,REF044,9,18
2025-11-15,REF015,6,20
2025-10-26,REF040,9,1
2025-12-17,REF025,9,10
2025-06-14,REF049,2,14
2025-12-21,REF019,6,5
2025-12-15,REF025,4,11
2026-05-09,REF004,7,8
2025-08-04,REF009,5,1
2025-05-24,REF014,10,13
2026-03-26,REF008,10,12
2025-07-16,REF050,6,12
2025-10-15,REF047,6,13
2026-04-28,REF022,7,4
2025-09-18,REF018,8,11
2026-03-14,REF037,8,12
2025-12-31,REF032,3,16
2026-01-21,REF043,10,13
2026-01-31,REF008,6,17
2026-02-24,REF020,10,9
2025-06-20,REF049,2,11
2025-11-08,REF042,2,15
2025-06-03,REF027,3,17
2025-06-21,REF029,1,15
2026-03-22,REF038,5,19
2025-11-14,REF049,4,20
2026-02-19,REF049,1,19
2026-03-23,REF028,8,15
2025-11-25,REF041,4,20
2026-03-19,REF011,5,2
2025-09-02,REF026,8,18
2026-01-27,REF008,6,4
2026-03-25,REF021,8,4
2025-06-28,REF034,9,8
2025-06-30,REF015,4,11
2025-07-31,REF012,7,13
2025-07-18,REF041,7,18
2025-12-05,REF002,1,20
2026-01-25,REF021,10,20
2025-12-06,REF044,7,3
2026-02-14,REF019,1,2
2026-02-03,REF041,2,6
2025-05-31,REF047,4,20
2025-08-26,REF014,3,17
2026-01-06,REF010,5,20
2026-04-05,REF032,9,14
2026-05-03,REF002,6,17
2025-09-30,REF019,1,17
2025-07-15,REF022,7,1
2025-08-06,REF046,10,8
2025-06-22,REF004,9,9
2026-04-20,REF032,4,3
2025-11-28,REF022,7,4
2026-03-16,REF004,9,15
2025-05-22,REF040,1,7
2026-05-08,REF026,3,9
2026-02-27,REF001,3,17
2025-07-26,REF037,6,14
2025-06-03,REF016,4,13
2025-06-23,REF013,3,8
2026-04-01,REF025,5,7
2025-09-11,REF010,7,10
2026-03-09,REF019,8,4
2025-09-20,REF002,8,7
2026-04-03,REF049,6,16
2026-05-13,REF045,3,12
2025-08-05,REF048,2,2
2025-09-27,REF015,2,3
2026-01-14,REF014,10,3
2026-03-14,REF039,7,16
2025-11-04,REF010,9,6
2026-04-15,REF016,6,19
2026-05-08,REF005,10,1
2025-10-01,REF007,3,13
2026-02-08,REF021,1,16
2026-02-20,REF040,10,20
2025-07-14,REF028,2,16
2025-06-11,REF042,1,2
2025-05-31,REF001,7,8
2026-01-21,REF045,7,8
2026-05-17,REF050,3,17
2025-07-26,REF024,10,19
2025-08-19,REF002,5,11
2026-03-26,REF035,5,19
2025-08-09,REF040,7,2
2025-11-17,REF007,6,9
2025-09-15,REF014,1,14
2025-09-13,REF006,1,15
2026-02-15,REF018,1,9
2026-05-07,REF047,4,17
2026-01-09,REF044,10,13
2025-09-02,REF048,5,4
2026-04-20,REF038,10,19
2025-10-24,REF012,9,6
2025-06-24,REF008,6,16
2026-03-07,REF035,3,16
2025-08-01,REF004,8,16
2025-08-16,REF005,1,16
2025-11-03,REF040,2,17
2025-08-29,REF019,5,16
2026-04-04,REF001,1,6
2025-08-20,REF027,7,6
2025-07-24,REF038,10,14
2025-06-12,REF003,9,16
2025-12-23,REF013,10,16
2025-05-27,REF016,1,10
2025-09-06,REF019,1,16
2026-04-25,REF043,8,13
2025-12-14,REF020,4,11
2025-06-06,REF032,7,20
2025-06-10,REF047,4,9
2026-02-19,REF026,9,13
2025-06-24,REF001,4,8
2025-10-13,REF009,4,9
2026-04-01,REF030,1,16
2025-08-07,REF039,3,7
2026-01-16,REF027,9,20
2026-02-25,REF014,6,7
2025-07-13,REF029,6,4
2026-01-17,REF032,10,8
2026-04-25,REF041,3,9
2025-06-22,REF041,2,15
2026-02-10,REF043,10,19
2025-07-16,REF049,6,5
2025-07-03,REF046,10,9
2025-08-26,REF002,2,11
2025-05-31,REF040,9,15
2025-06-14,REF024,2,4
2026-04-16,REF042,6,1
2025-06-12,REF042,8,11
2026-02-06,REF032,9,9
2025-12-16,REF027,2,6
2026-03-29,REF040,3,8
2026-03-16,REF038,5,1
2025-11-15,REF012,6,16
2025-09-17,REF028,6,17
2026-04-11,REF002,6,1
2026-02-19,REF044,8,6
2026-05-06,REF012,9,6
2025-12-12,REF027,2,3
2026-02-21,REF009,2,13
2026-01-27,REF021,3,6
2026-04-04,REF041,10,2
2026-02-11,REF001,3,3
2025-10-04,REF038,5,18
2026-03-20,REF032,4,14
2025-12-10,REF028,6,7
2026-01-12,REF021,5,8
2026-05-07,REF021,3,4
2025-08-08,REF040,3,3
2025-06-22,REF033,5,12
2025-12-02,REF038,6,18
2025-07-17,REF006,5,14
2026-03-19,REF024,8,13
2025-12-03,REF010,10,14
2025-10-27,REF048,1,20
2026-01-04,REF047,9,19
2025-05-29,REF035,2,7
2026-03-21,REF017,2,18
2025-11-28,REF048,10,16
2025-09-03,REF048,6,11
2025-08-28,REF014,7,17
2026-03-24,REF024,10,18
2025-08-12,REF013,8,14
2025-06-09,REF045,8,1
2026-03-14,REF050,10,14
2025-11-27,REF015,1,6
2025-06-14,REF008,8,4
2025-09-29,REF006,1,17
2025-12-31,REF047,7,1
2025-10-18,REF020,8,8
2026-03-20,REF025,7,10
2025-07-22,REF019,4,11
2025-12-29,REF050,8,7
2025-12-16,REF018,8,17
2025-06-09,REF014,8,19
2025-05-22,REF037,10,4
2025-08-19,REF033,4,2
2025-06-20,REF001,2,12
2026-02-15,REF050,7,2
2025-07-19,REF033,9,17
2025-12-17,REF011,8,9
2025-09-24,REF016,8,17
2025-08-29,REF023,4,1
2025-08-22,REF032,8,4
2025-08-30,REF017,10,12
2026-05-03,REF005,2,7
2025-12-21,REF043,2,9
2026-02-04,REF007,2,14
2025-10-19,REF012,8,1
2025-10-04,REF049,2,20
2026-01-27,REF025,7,15
2025-09-11,REF016,10,7
2025-08-11,REF041,3,11
2025-07-20,REF011,2,10
2026-01-31,REF019,6,8
2025-10-01,REF035,2,1
2025-11-05,REF016,6,10
2025-09-25,REF031,8,6
2025-06-12,REF044,1,9
2026-03-19,REF021,2,1
2026-01-11,REF011,6,5
2026-03-20,REF041,7,19
2025-07-22,REF008,3,11
2026-01-13,REF002,1,11
2026-05-03,REF032,10,9
2025-07-31,REF018,7,12
2026-05-11,REF023,7,3
2026-04-05,REF035,10,18
2025-09-28,REF046,1,20
2026-04-10,REF049,5,4
2025-08-12,REF017,8,17
2025-11-12,REF049,9,8
2026-03-09,REF041,10,19
2025-08-12,REF031,5,3
2025-11-06,REF045,10,15
2025-09-23,REF016,6,10
2025-08-13,REF029,1,4
2026-05-02,REF035,8,12
2025-10-22,REF008,5,16
2025-11-14,REF031,10,3
2026-03-17,REF040,6,11
2026-04-21,REF044,5,5
2025-11-12,REF025,8,7
2026-04-03,REF041,6,5
2026-02-07,REF027,1,6
2025-11-03,REF018,9,15
2025-11-08,REF028,4,20
2025-12-26,REF013,10,14
2026-02-10,REF041,8,14
2025-09-12,REF004,10,20
2026-02-01,REF021,1,9
2025-09-24,REF042,3,16
2026-05-10,REF017,1,7
2025-08-16,REF014,3,15
2025-06-11,REF011,3,16
2025-11-14,REF003,1,6
2025-08-22,REF038,1,13
2026-03-15,REF030,7,12
2025-12-22,REF049,7,17
2025-06-17,REF012,2,14
2025-07-07,REF029,10,13
2025-11-19,REF035,3,8
2025-09-17,REF008,4,11
2026-03-16,REF009,9,20
2026-03-20,REF040,4,6
2025-10-27,REF046,7,18
2025-11-09,REF026,5,13
2025-05-27,REF042,9,6
2025-07-05,REF012,4,9
2025-06-20,REF018,7,19
2025-11-17,REF012,6,4
2026-04-19,REF042,2,18
2025-10-18,REF002,9,9
2026-02-03,REF049,10,19
2026-03-10,REF041,6,3
2026-04-22,REF042,2,20
2025-08-07,REF019,3,11
2026-01-11,REF009,4,14
2025-08-01,REF048,3,14
2025-08-15,REF031,9,13
2025-06-27,REF007,7,5
2025-06-08,REF027,2,4
2025-10-19,REF019,2,1
2026-03-21,REF002,5,20
2025-12-28,REF037,7,9
2025-12-29,REF001,6,14
2025-08-27,REF048,10,15
2026-02-16,REF031,2,17
2026-03-26,REF024,5,9
2025-07-08,REF039,1,13
2025-05-23,REF023,3,11
2026-01-07,REF048,5,13
2025-07-14,REF009,8,8
2026-05-09,REF002,3,14
2025-08-01,REF031,7,7
2026-03-08,REF027,6,7
2025-11-11,REF042,6,16
2025-12-30,REF007,8,11
2025-06-06,REF010,8,3
2025-09-04,REF032,4,16
2026-02-18,REF007,2,15
2026-03-10,REF019,3,8
2025-08-07,REF015,2,15
2026-02-16,REF032,8,8
2025-05-22,REF029,1,16
2026-05-17,REF012,1,10
2026-01-17,REF035,2,6
2025-06-08,REF022,10,16
2025-10-01,REF042,3,8
2025-12-04,REF008,3,20
2025-10-20,REF034,2,2
2025-06-21,REF009,2,11
2025-07-28,REF018,7,11
2025-10-08,REF025,10,2
2025-06-19,REF007,7,17
2025-09-07,REF005,8,9
2025-10-17,REF045,5,6
2025-07-01,REF049,9,18
2026-04-29,REF009,10,7
2025-09-07,REF031,9,17
2026-02-12,REF045,8,9
2025-09-06,REF049,1,5
2025-12-05,REF039,4,20
2025-12-28,REF006,7,12
2025-11-01,REF048,10,7
2026-02-08,REF035,9,8
2025-11-14,REF044,5,6
2025-08-31,REF035,5,12
2026-04-25,REF028,2,7
2025-12-29,REF046,8,18
2025-12-02,REF034,1,17
2025-12-04,REF025,2,15
2025-06-18,REF039,7,18
2025-12-20,REF018,6,13
2025-11-20,REF037,4,18
2025-06-19,REF034,6,4
2025-09-14,REF048,10,1
2025-12-05,REF014,5,14
2025-08-16,REF033,8,15
2025-12-05,REF013,4,12
2025-08-26,REF030,8,3
2026-01-24,REF026,8,19
2026-04-03,REF023,3,19
2025-09-29,REF031,2,5
2026-05-15,REF001,4,11
2025-09-29,REF048,4,16
2025-07-27,REF037,4,2
2026-02-24,REF011,8,16
2026-02-20,REF015,9,19
2025-07-06,REF038,2,2
2026-02-03,REF023,6,3
2026-01-10,REF049,10,8
2025-10-03,REF012,5,7
2026-03-24,REF006,9,7
2025-09-27,REF005,3,14
2025-10-25,REF013,5,14
2026-03-03,REF050,8,14
2026-02-02,REF003,3,18
2025-05-31,REF021,5,12
2026-05-14,REF007,1,15
2025-11-04,REF014,6,11
2026-04-17,REF047,10,19
2026-02-26,REF018,9,14
2025-08-23,REF033,6,11
2025-11-06,REF012,6,13
2025-11-18,REF006,10,19
2025-07-09,REF023,6,20
2026-01-31,REF015,2,3
2025-07-13,REF016,3,10
2026-04-18,REF028,5,5
2025-05-25,REF026,2,17
2025-06-25,REF030,10,9
2026-02-26,REF032,10,12
2025-12-28,REF042,2,13
2025-09-22,REF010,9,4
2026-03-03,REF034,9,8
2026-01-12,REF044,10,11
2026-01-13,REF011,5,12
2025-08-21,REF022,7,7
2026-03-06,REF009,9,2
2026-02-17,REF010,8,2
2026-03-29,REF034,5,9
2026-04-18,REF042,4,18
2025-11-26,REF040,8,18
2025-10-07,REF037,2,11
2025-10-17,REF027,1,20
2025-11-01,REF041,9,14
2025-06-29,REF002,2,4
2026-04-17,REF044,6,17
2025-06-06,REF018,9,13
2025-06-29,REF005,7,11
2025-08-29,REF034,2,11
2026-03-31,REF031,1,20
2025-11-12,REF039,6,2
2025-10-09,REF022,8,6
2026-05-03,REF011,7,4
2025-09-04,REF022,1,3
2026-02-08,REF035,10,6
2026-01-27,REF036,5,19
2025-09-29,REF042,2,7
2026-02-20,REF015,5,1
2025-06-23,REF042,8,20
2026-04-13,REF036,10,15
2025-07-19,REF022,4,17
2025-11-11,REF001,9,13
2026-01-14,REF038,9,18
2025-09-24,REF033,2,7
2026-04-23,REF007,1,16
2025-06-26,REF022,7,18
2026-03-25,REF005,2,3
2025-08-16,REF024,1,15
2025-12-04,REF021,10,7
2026-04-23,REF030,6,1
2025-06-26,REF012,7,18
2026-04-17,REF007,9,10
2025-10-27,REF028,10,3
2026-02-05,REF038,10,4
2025-05-20,REF007,7,2
2026-05-17,REF011,6,2
2026-04-01,REF026,6,17
2025-10-28,REF043,7,12
2026-04-17,REF027,8,16
2025-10-19,REF032,10,8
2026-01-09,REF031,7,16
2025-10-25,REF016,6,7
2025-09-12,REF027,4,20
2026-01-05,REF017,7,13
2026-02-18,REF038,3,5
2025-10-14,REF047,1,7
2025-05-25,REF009,1,6
2025-08-27,REF029,1,9
2025-08-22,REF004,2,16
2026-04-05,REF047,2,11
2025-09-12,REF034,5,8
2025-12-13,REF039,5,14
2025-06-19,REF024,6,8
2025-07-11,REF048,3,10
2025-09-01,REF006,2,8
2026-04-03,REF050,9,19
2026-01-15,REF050,8,17
2025-11-13,REF037,8,6
2026-03-17,REF029,2,8
2026-01-18,REF005,7,17
2025-07-31,REF046,7,6
2025-10-24,REF007,9,3
2025-12-30,REF001,3,15
2025-07-04,REF031,9,20
2026-02-02,REF040,9,2
2026-04-05,REF015,5,11
2026-03-10,REF049,8,4
2026-01-13,REF022,5,13
2025-06-30,REF030,9,12
2026-03-26,REF041,8,12
2025-12-10,REF024,5,11
2025-08-15,REF002,10,16
2025-12-06,REF021,10,1
2025-12-17,REF019,7,7
2025-05-19,REF027,9,9
2025-12-16,REF035,6,3
2026-02-25,REF039,8,1
2025-12-18,REF014,6,11
2026-02-09,REF043,5,13
2025-11-10,REF043,4,13
2025-10-09,REF035,9,19
2025-10-22,REF029,2,12
2025-08-17,REF001,2,19
2025-11-03,REF020,2,7
2025-07-12,REF050,1,4
2025-07-03,REF043,6,3
2025-05-25,REF018,3,17
2025-06-29,REF005,1,3
2026-01-05,REF048,1,7
2026-03-07,REF032,5,18
2025-07-18,REF044,9,14
2025-12-25,REF026,6,11
2025-12-18,REF045,8,16
2026-02-16,REF049,4,3
2025-12-24,REF043,1,7
2025-09-03,REF038,1,20
2026-01-29,REF026,6,17
2025-06-08,REF050,3,17
2026-03-08,REF023,3,15
2025-06-11,REF002,4,4
2025-08-27,REF004,1,4
2025-10-18,REF008,9,10
2025-11-02,REF035,8,9
2025-09-11,REF050,2,6
2025-05-22,REF046,8,19
2025-06-03,REF045,3,11
2026-01-14,REF019,8,11
2025-08-27,REF031,2,4
2025-06-08,REF030,2,17
2026-03-12,REF021,8,16
2025-11-25,REF024,6,20
2025-10-30,REF048,4,11
2026-04-15,REF045,10,14
2025-07-18,REF029,4,2
2025-08-20,REF017,8,10
2025-09-29,REF037,1,14
2025-11-26,REF043,5,14
2025-07-02,REF041,2,5
2025-06-29,REF050,5,3
2026-02-05,REF030,3,5
2026-02-14,REF003,8,20
2025-12-08,REF012,4,5
2025-10-25,REF048,8,10
2026-04-13,REF041,10,7
2025-10-02,REF029,5,17
2026-01-17,REF018,8,14
2025-09-16,REF025,2,5
2025-11-11,REF036,4,9
2026-01-07,REF050,8,6
2025-06-10,REF014,7,9
2025-09-16,REF047,3,16
2025-06-16,REF034,4,3
2026-01-04,REF014,10,18
2025-07-26,REF001,2,3
2026-03-10,REF024,10,14
2025-11-22,REF016,5,14
2026-01-09,REF030,10,18
2025-09-30,REF019,9,4
2026-02-04,REF049,6,20
2025-12-26,REF007,3,2
2025-06-02,REF050,4,6
2025-11-03,REF046,6,15
2025-06-02,REF028,2,11
2025-08-19,REF005,6,2
2025-11-14,REF008,2,20
2025-10-17,REF036,3,17
2025-12-13,REF038,5,19
2025-10-07,REF038,6,18
2026-04-16,REF037,3,20
2026-03-13,REF017,10,6
2026-04-08,REF026,1,11
2025-11-23,REF026,1,20
2026-01-05,REF034,4,20
2025-12-28,REF043,6,9
2025-09-27,REF001,8,6
2026-02-19,REF010,3,9
2026-04-13,REF010,3,7
2025-07-17,REF021,2,8
2025-12-28,REF026,6,3
2025-10-09,REF026,7,20
2025-11-06,REF028,5,20
2025-12-24,REF019,4,18
2025-08-23,REF024,2,6
2026-05-16,REF006,10,12
2025-06-22,REF029,3,13
2025-09-09,REF011,4,15
2026-03-08,REF010,1,12
2025-05-30,REF016,3,8
2026-04-17,REF009,3,12
2026-04-04,REF031,7,3
2026-05-15,REF046,10,11
2026-05-08,REF015,5,7
2025-12-06,REF004,10,2
2025-10-19,REF025,5,17
2025-08-21,REF049,1,9
2025-08-12,REF045,9,13
2025-07-13,REF013,5,11
2026-01-22,REF008,10,14
2025-09-05,REF019,3,10
2025-11-07,REF030,5,2
2026-01-08,REF012,5,6
2026-01-27,REF019,7,14
2025-11-04,REF007,3,5
2026-04-13,REF047,5,12
2025-08-29,REF027,2,3
2025-09-22,REF030,1,8
2026-04-19,REF049,6,17
2025-09-13,REF016,5,16
2026-01-07,REF044,3,12
2025-11-02,REF022,7,18
2025-10-18,REF015,5,5
2025-07-12,REF028,4,8
2026-04-08,REF016,8,1
2025-06-14,REF042,5,10
2025-09-27,REF033,1,20
2025-11-14,REF017,9,19
2026-02-08,REF003,4,19
2025-11-09,REF048,3,7
2026-04-11,REF004,5,10
2026-03-25,REF031,5,19
2025-10-19,REF040,10,8
2026-03-12,REF014,2,1
2025-09-20,REF026,7,6
2026-03-07,REF039,5,12
2025-10-22,REF048,5,16
2026-01-08,REF045,7,19
2026-04-12,REF020,4,8
2026-03-02,REF036,5,11
2025-08-13,REF004,3,5
2025-07-16,REF013,4,16
2025-05-28,REF043,10,3
2025-08-14,REF033,2,16
2026-01-16,REF019,2,1
2025-05-22,REF015,7,5
2025-06-24,REF023,4,14
2026-03-26,REF041,10,16
2025-11-30,REF043,1,14
2025-05-21,REF007,3,17
2025-10-20,REF021,7,17
2026-02-18,REF025,7,1
2025-11-19,REF019,5,11
2025-07-21,REF041,10,5
2025-11-20,REF040,6,8
2025-10-25,REF050,9,20
2025-06-13,REF047,3,19
2026-02-27,REF029,10,6
2026-01-14,REF009,3,20
2025-07-17,REF029,6,17
2026-01-27,REF004,6,8
2026-04-06,REF037,7,11
2025-11-15,REF039,8,18
2025-07-02,REF024,1,6
2025-11-05,REF043,4,1
2025-06-30,REF033,2,5
2025-12-22,REF043,2,8
2026-03-22,REF050,1,13
2025-09-26,REF006,9,18
2025-11-01,REF004,5,6
2026-02-05,REF020,7,9
2025-12-01,REF013,2,10
2026-01-11,REF013,4,5
2026-02-16,REF020,5,5
2025-07-31,REF047,6,19
2025-07-01,REF018,9,20
2025-12-19,REF024,1,17
2026-03-05,REF050,5,9
2026-04-24,REF004,5,1
2025-08-16,REF020,9,10
2025-12-22,REF013,8,3
2025-10-19,REF007,10,13
2025-07-14,REF015,8,7
2025-08-01,REF045,2,2
2025-11-05,REF010,2,19
2025-11-13,REF005,2,6
2025-11-06,REF020,8,3
2026-03-22,REF041,3,7
2025-12-12,REF010,6,18
2026-03-26,REF046,5,10
2025-08-08,REF029,6,3
2026-02-05,REF025,3,11
2025-08-24,REF029,8,10
2025-11-14,REF034,10,18
2026-03-05,REF034,2,11
2026-02-06,REF036,1,13
2026-03-14,REF040,10,12
2025-10-10,REF016,5,16
2026-02-06,REF004,8,13
2026-03-31,REF035,7,4
2025-06-25,REF015,7,15
2025-12-25,REF048,5,14
2025-12-18,REF025,3,7
2026-02-14,REF025,3,8
2026-03-04,REF038,8,14
2025-07-31,REF049,4,1
2025-05-31,REF010,5,3
2025-07-23,REF035,10,17
2025-09-13,REF030,1,6
2026-03-09,REF026,2,20
2026-05-07,REF030,1,8
2025-07-20,REF009,9,12
2025-08-15,REF027,10,6
2026-04-19,REF036,9,12
2025-11-17,REF016,6,9
2026-04-15,REF019,8,18
2026-02-21,REF012,8,8
2025-08-27,REF006,10,1
2025-10-06,REF020,4,9
2026-03-09,REF040,10,17
2025-10-31,REF027,7,1
2026-05-10,REF015,3,7
2026-02-05,REF038,3,10
2026-04-21,REF021,5,12
2025-12-20,REF046,5,1
2026-02-03,REF026,4,13
2025-12-17,REF011,7,10
2025-06-01,REF020,3,10
2025-07-25,REF010,3,13
2025-10-27,REF035,10,9
2026-03-01,REF050,2,15
2025-06-25,REF040,3,2
2025-10-07,REF045,4,5
2025-09-21,REF005,8,9
2025-07-10,REF047,9,19
2026-04-22,REF027,4,17
2025-09-24,REF019,3,12
2026-05-07,REF030,9,11
2025-11-09,REF032,3,6
2026-04-15,REF049,7,13
2026-02-07,REF035,6,3
2025-09-12,REF020,2,5
2025-12-20,REF017,7,5
2025-08-05,REF023,2,19
2025-11-05,REF047,4,11
2025-09-04,REF048,8,19
2025-10-22,REF033,7,3
2026-05-15,REF025,7,7
2025-11-04,REF026,8,10
2026-01-28,REF031,1,19
2025-08-07,REF046,10,7
2025-10-25,REF023,4,14
2026-01-06,REF026,7,3
2025-07-18,REF014,6,19
2025-08-21,REF035,7,5
2026-04-26,REF043,10,16
2025-10-16,REF010,1,9
2025-11-22,REF016,4,10
2026-03-01,REF044,9,9
2025-11-20,REF029,6,17
2026-01-11,REF008,1,15
2026-01-15,REF018,4,1
2026-04-20,REF015,2,6
2026-01-31,REF014,4,7
2025-06-15,REF045,6,13
2025-10-10,REF015,1,15
2025-10-29,REF010,5,13
2025-09-16,REF016,6,14
2025-08-08,REF036,6,3
2025-06-03,REF042,10,2
2026-01-31,REF025,4,17
2025-12-10,REF011,7,20
2025-10-24,REF003,5,14
2026-03-03,REF017,4,20
2025-10-15,REF005,5,12
2025-06-18,REF050,8,12
2025-06-17,REF005,2,14
2025-06-25,REF047,9,16
2025-09-04,REF043,4,19
2025-11-15,REF026,5,16
2025-05-30,REF032,4,17
2025-06-03,REF010,8,1
2025-10-26,REF027,4,13
2026-03-24,REF049,4,18
2025-12-22,REF031,4,18
2025-12-19,REF011,3,10
2026-05-15,REF011,9,2
2025-10-09,REF031,9,13
2025-11-21,REF025,4,14
2025-12-10,REF023,5,17
2026-04-18,REF024,10,13
2025-09-22,REF029,8,4
2026-03-30,REF040,3,1
2025-11-04,REF002,8,5
2025-09-12,REF044,3,15
2026-04-10,REF045,3,8
2026-01-11,REF036,3,8
2026-01-07,REF030,7,19
2025-10-28,REF043,6,6
2025-07-05,REF002,10,3
2026-02-04,REF016,10,2
2025-10-04,REF028,10,19
2025-08-15,REF042,1,3
2026-05-17,REF029,7,14
2025-12-20,REF040,7,15
2026-02-16,REF001,6,3
2025-12-05,REF013,5,14
2026-01-11,REF034,4,7
2025-11-03,REF024,5,13
2026-05-19,REF020,3,18
2025-05-28,REF025,3,11
2025-12-15,REF030,10,14
2026-03-22,REF021,2,17
2025-10-29,REF005,3,8
2025-07-26,REF018,8,9
2025-06-06,REF032,2,2
2025-12-08,REF038,8,16
2026-02-22,REF045,8,10
2026-02-11,REF030,7,5
2026-02-19,REF037,5,4
2025-08-22,REF038,9,4
2026-02-09,REF035,8,20
2026-04-29,REF020,1,20
2025-05-22,REF014,8,16
2025-05-31,REF046,6,16
2025-09-13,REF003,6,6
2026-03-17,REF024,10,13
2025-07-18,REF035,10,5
2026-05-13,REF021,1,4
2026-04-21,REF046,8,3
2026-04-19,REF001,3,16
2025-10-17,REF002,2,12
2025-06-02,REF044,7,11
2025-08-19,REF045,8,8
2026-05-06,REF020,3,13
2026-03-20,REF040,4,6
2025-09-04,REF020,2,18
2026-04-25,REF010,3,2
2025-06-25,REF029,7,14
2026-01-25,REF030,4,12
2025-09-05,REF017,5,2
2026-04-10,REF010,2,7
2025-06-01,REF028,7,3
2026-03-20,REF047,1,7
2025-09-11,REF046,10,20
2026-03-23,REF023,1,20
2025-11-23,REF050,10,7
2025-06-17,REF020,1,20
2026-04-12,REF014,6,18
2025-08-01,REF012,3,19
2026-01-14,REF012,6,10
2025-07-11,REF029,10,13
2025-09-30,REF047,8,1
2026-04-24,REF027,3,20
2025-09-18,REF037,10,11
2025-07-05,REF037,5,1
2025-06-08,REF004,6,5
2025-10-17,REF030,9,8
2025-12-09,REF011,3,3
2025-11-21,REF025,2,1
2025-09-07,REF027,4,11
2025-05-24,REF032,8,20
2025-12-28,REF048,2,4
2026-03-30,REF048,1,2
2026-04-28,REF021,7,17
2025-06-19,REF014,8,6
2025-12-07,REF004,5,18
2026-01-03,REF038,10,18
2025-06-24,REF024,7,10
2025-10-09,REF027,4,20
2026-05-08,REF038,6,11
2025-11-20,REF013,6,2
2025-07-26,REF017,9,14
2025-06-03,REF033,7,1
2026-03-28,REF045,9,4
2025-09-09,REF048,1,19
2025-10-07,REF009,4,1
2025-11-09,REF032,9,7
2025-11-13,REF043,2,17
2026-04-20,REF015,1,6
2025-11-17,REF011,2,6
2026-01-20,REF033,1,9
2026-01-26,REF020,10,3
2025-07-29,REF009,5,8
2025-05-28,REF013,2,20
2025-08-29,REF006,10,17
2026-02-24,REF019,3,7
2025-08-29,REF037,3,12
2025-07-29,REF004,7,1
2025-10-07,REF010,9,4
2026-03-23,REF009,10,16
2025-07-13,REF032,9,7
2025-09-23,REF050,10,7
2025-12-04,REF040,6,2
2026-01-27,REF009,2,1
2025-09-27,REF040,4,11
2025-09-27,REF021,10,19
2025-09-12,REF020,4,16
2025-06-05,REF007,8,2
2025-12-05,REF004,7,3
2026-01-09,REF037,5,8
2025-10-19,REF014,10,8
2025-05-20,REF048,6,7
2026-03-04,REF017,5,11
2025-10-15,REF033,8,2
2026-03-31,REF004,4,15
2026-02-24,REF032,7,3
2025-07-20,REF005,2,20
2025-11-19,REF045,5,12
2025-05-30,REF050,2,14
2025-11-17,REF047,7,6
2026-03-20,REF015,1,1
2026-02-22,REF016,9,6
2026-02-03,REF038,8,18
2025-10-24,REF014,5,12
2026-03-31,REF024,7,14
2026-04-27,REF020,5,17
2025-08-17,REF034,2,11
2025-10-24,REF032,7,15
2026-01-04,REF007,3,6
2025-11-20,REF036,7,17
2026-04-15,REF012,2,20
2026-03-28,REF050,8,3
2025-09-05,REF016,5,18
2025-12-20,REF005,1,20
2025-10-19,REF016,7,11
2025-07-04,REF013,10,14
2025-10-11,REF028,9,4
2026-01-29,REF006,8,19
2025-07-03,REF047,3,6
2025-05-21,REF035,8,16
2025-12-05,REF008,3,16
2026-01-27,REF044,10,12
2025-06-21,REF033,7,14
2025-11-15,REF011,9,12
2025-08-22,REF016,8,11
2025-10-18,REF014,6,19
2025-12-08,REF018,5,4
2025-06-16,REF033,10,16
2025-12-03,REF019,2,18
2025-06-06,REF029,4,2
2025-08-15,REF012,10,10
2025-08-12,REF017,5,12
2025-12-30,REF029,3,20
2025-07-10,REF048,1,11
2026-03-15,REF030,9,13
2026-03-27,REF050,3,7
2025-08-25,REF025,10,3
2026-01-12,REF044,4,16
2025-06-13,REF035,9,18
2025-07-20,REF046,7,12
2025-06-20,REF026,1,1
2026-03-16,REF016,5,15
2025-12-12,REF013,3,9
2025-06-10,REF048,2,4
2025-07-10,REF039,5,3
2025-06-14,REF007,9,10
2025-09-25,REF011,7,12
2026-03-10,REF047,9,19
2025-05-24,REF017,3,17
2026-02-11,REF009,2,19
2025-10-02,REF023,9,11
2025-12-30,REF031,10,2
2025-06-08,REF050,9,15
2026-03-10,REF038,10,4
2025-08-29,REF024,3,1
2026-04-12,REF033,4,13
2025-09-13,REF047,7,20
2026-04-06,REF027,7,7
2026-01-25,REF022,2,6
2025-07-14,REF042,5,13
2026-04-23,REF022,10,20
2025-09-10,REF028,1,8
2025-12-05,REF036,3,10
2025-06-07,REF050,6,3
2025-12-03,REF012,4,20
2025-08-28,REF023,9,17
2025-09-05,REF001,4,2
2026-01-08,REF014,5,18
2025-08-21,REF045,1,10
2025-06-08,REF038,4,5
2025-06-28,REF016,3,6
2026-03-24,REF021,9,2
2026-01-22,REF013,4,11
2026-03-04,REF031,8,9
2025-11-21,REF033,5,19
2025-06-22,REF025,4,4
2025-08-04,REF010,7,2
2025-09-13,REF049,8,2
2025-10-26,REF002,6,12
2025-10-12,REF006,2,10
2025-07-11,REF033,8,12
2026-02-14,REF019,4,11
2025-05-23,REF008,10,7
2025-05-23,REF024,4,11
2026-01-07,REF049,2,11
2025-11-19,REF003,2,18
2025-10-05,REF041,9,6
2025-06-25,REF001,9,9
2025-05-27,REF026,7,19
2026-03-01,REF036,8,2
2025-12-28,REF015,2,17
2026-02-16,REF033,4,6
2025-10-17,REF048,2,6
2025-10-23,REF011,9,4
2025-11-11,REF038,9,11
2025-07-21,REF004,10,15
2025-08-15,REF032,2,12
2026-02-26,REF030,8,11
2025-06-19,REF047,10,12
2026-05-06,REF023,9,16
2025-09-29,REF041,2,17
2025-12-26,REF042,5,2
2025-07-12,REF019,1,1
2025-12-26,REF037,9,12
2025-08-17,REF040,4,13
2026-04-15,REF006,4,10
2025-11-30,REF044,3,17
2025-11-22,REF038,8,12
2025-12-12,REF035,10,12
2026-01-15,REF005,9,20
2025-12-03,REF044,3,12
2025-06-11,REF001,2,2
2026-01-23,REF037,9,3
2026-03-15,REF040,4,8
2025-05-26,REF008,7,14
2026-05-15,REF025,10,5
2025-09-29,REF027,10,14
2025-07-03,REF048,2,13
2026-01-27,REF043,7,8
2025-10-29,REF018,9,5
2026-01-08,REF034,4,4
2025-12-20,REF042,7,12
2025-06-12,REF039,3,20
2025-10-19,REF048,5,1
2025-07-27,REF026,7,16
2025-07-01,REF007,5,10
2026-03-11,REF021,7,8
2025-05-21,REF018,4,14
2025-07-08,REF016,5,19
2026-05-12,REF016,3,20
2025-06-09,REF032,9,19
2025-11-12,REF043,8,8
2026-02-22,REF013,3,19
2025-06-25,REF037,10,3
2025-10-21,REF019,10,13
2025-12-11,REF018,8,16
2025-12-25,REF028,5,14
2025-08-30,REF020,1,1
2025-11-29,REF047,8,1
2025-12-02,REF027,2,19
2026-01-27,REF024,6,12
2025-11-03,REF015,2,9
2025-10-22,REF002,2,12
2025-12-08,REF014,1,10
2025-12-14,REF047,2,14
2025-10-09,REF026,6,13
2025-10-21,REF041,2,14
2025-08-02,REF034,6,3
2025-08-10,REF011,7,5
2025-07-08,REF039,8,20
2026-05-19,REF020,4,11
2025-11-21,REF040,1,17
2026-02-28,REF015,5,1
2025-07-31,REF005,6,16
2025-11-12,REF001,7,11
2026-01-11,REF022,4,11
2026-03-01,REF032,7,2
2025-05-27,REF017,4,12
2025-08-11,REF046,6,10
2026-03-18,REF048,6,12
2025-11-29,REF043,9,13
2026-02-19,REF036,7,14
2025-08-13,REF018,2,20
2025-06-09,REF036,9,13
2025-08-24,REF023,9,19
2025-08-16,REF036,8,18
2026-03-24,REF046,8,19
2026-04-29,REF018,10,16
2026-01-21,REF026,3,8
2026-04-11,REF040,4,16
2026-01-14,REF020,8,12
2026-03-29,REF018,9,9
2026-01-03,REF005,3,7
2025-05-27,REF030,6,10
2025-09-27,REF026,5,5
2026-03-19,REF012,1,17
2025-08-24,REF048,2,17
2026-01-15,REF026,2,15
2025-08-09,REF027,3,15
2026-05-11,REF037,5,2
2025-10-03,REF012,4,3
2025-12-06,REF022,3,13
2025-05-28,REF020,2,16
2025-11-11,REF022,7,8
2026-04-28,REF029,6,4
2025-07-02,REF048,6,16
2025-09-10,REF047,9,11
2025-05-21,REF038,3,13
2026-01-26,REF040,7,5
2025-10-24,REF017,2,14
2026-04-04,REF046,4,16
2025-08-12,REF043,9,8
2025-08-04,REF031,3,20
2025-05-29,REF018,4,11
2025-11-15,REF039,7,10
2025-10-17,REF003,9,20
2025-09-18,REF049,3,5
2025-09-28,REF021,8,20
2025-11-29,REF021,7,12
2026-04-05,REF030,3,13
2026-05-15,REF013,1,2
2025-08-16,REF021,3,17
2025-09-29,REF020,9,12
2025-12-19,REF029,2,14
2026-03-24,REF032,1,20
2025-06-02,REF013,8,3
2025-07-31,REF041,5,5
2026-03-08,REF039,9,19
2025-07-04,REF014,8,19
2025-08-05,REF021,10,1
2025-10-19,REF044,5,4
2025-12-04,REF041,9,15
2025-09-19,REF024,1,5
2025-11-17,REF013,1,14
2025-12-09,REF046,1,20
2025-11-08,REF025,5,9
2025-05-29,REF014,1,20
2026-04-22,REF019,6,8
2025-12-24,REF017,9,1
2026-01-03,REF039,6,2
2026-04-28,REF029,10,18
2025-11-08,REF033,7,16
2026-02-02,REF045,4,12
2026-03-03,REF015,2,19
2025-09-14,REF047,1,7
2026-04-09,REF050,2,6
2026-05-06,REF034,3,3
2025-12-11,REF045,8,20
2025-09-03,REF030,7,4
2026-04-17,REF013,1,4
2025-07-22,REF015,10,17
2025-09-03,REF018,7,1
2026-02-09,REF014,5,4
2026-05-14,REF049,7,1
2025-11-23,REF015,9,19
2025-09-20,REF043,1,3
2026-04-05,REF020,1,7
2025-11-25,REF003,5,10
2026-02-16,REF025,4,8
2025-07-02,REF004,3,20
2025-05-30,REF035,9,8
2025-08-03,REF012,10,12
2025-09-05,REF036,4,5
2026-04-04,REF021,2,12
2025-10-05,REF028,1,3
2025-09-12,REF020,1,5
2025-12-01,REF021,3,14
2025-12-18,REF026,10,6
2026-01-05,REF016,1,1
2026-02-02,REF050,1,1
2025-10-04,REF041,2,9
2026-01-02,REF018,7,6
2025-12-19,REF030,6,20
2026-03-21,REF008,5,19
2025-08-09,REF005,8,18
2025-09-16,REF016,3,10
2025-09-06,REF017,5,9
2026-02-11,REF047,3,10
2026-02-02,REF004,5,6
2025-07-27,REF041,9,17
2025-11-30,REF024,8,17
2025-07-02,REF050,7,17
2026-04-12,REF012,10,15
2025-09-02,REF041,2,16
2025-06-18,REF011,8,16
2025-09-03,REF013,3,19
2025-06-06,REF036,3,20
2025-06-09,REF022,6,9
2025-12-10,REF007,6,5
2025-06-02,REF035,4,6
2025-10-22,REF045,6,16
2026-01-31,REF019,8,10
2026-05-17,REF034,4,15
2026-04-21,REF043,10,5
2025-07-30,REF008,10,10
2025-07-29,REF021,6,1
2026-02-23,REF001,7,16
2026-01-30,REF001,7,17
2025-10-14,REF034,5,7
2025-07-04,REF046,6,10
2025-10-08,REF017,2,18
2025-08-15,REF023,3,20
2026-03-29,REF005,5,15
2025-05-30,REF028,2,17
2026-02-23,REF011,7,8
2025-06-15,REF010,7,18
2026-05-17,REF047,7,10
2025-12-20,REF041,3,7
2025-09-27,REF006,6,11
2025-12-22,REF011,3,12
2025-09-25,REF039,1,8
2025-06-08,REF044,8,1
2026-03-08,REF034,8,10
2025-08-29,REF010,9,3
2026-02-09,REF006,5,10
2025-06-14,REF042,7,15
2026-01-19,REF014,1,4
2025-10-19,REF035,1,20
2026-04-26,REF005,2,12
2025-08-26,REF007,10,15
2025-11-09,REF045,1,14
2025-12-25,REF019,4,7
2025-09-01,REF032,3,15
2025-09-24,REF010,7,12
2025-07-15,REF005,10,11
2025-09-09,REF050,9,11
2025-12-19,REF025,4,14
2025-06-11,REF011,1,19
2025-11-05,REF028,6,4
2026-03-10,REF023,6,15
2025-06-30,REF016,2,13
2025-12-06,REF002,7,11
2026-02-04,REF044,9,11
2025-06-20,REF045,8,4
2026-05-02,REF031,9,2
2026-05-13,REF043,3,10
2025-06-16,REF032,4,8
2026-01-02,REF026,6,20
2026-04-12,REF031,4,1
2026-03-07,REF019,3,7
2025-06-27,REF011,9,17
2025-05-27,REF008,2,3
2025-08-31,REF016,10,10
2025-07-14,REF042,8,19
2026-05-04,REF001,10,17
2025-06-16,REF012,4,18
2025-11-14,REF001,9,8
2025-05-20,REF049,4,5
2025-09-28,REF011,9,2
2025-12-27,REF010,6,17
2025-10-19,REF028,8,15
2025-09-21,REF021,6,14
2025-09-09,REF001,1,2
2026-02-27,REF047,8,9
2025-06-25,REF029,4,20
2025-09-21,REF012,1,16
2026-01-07,REF037,10,8
2026-03-21,REF021,4,5
2025-12-13,REF003,6,5
2025-08-17,REF035,1,12
2025-11-23,REF020,1,3
2025-05-31,REF027,4,12
2025-11-14,REF021,9,6
2025-09-13,REF034,10,17
2026-01-11,REF046,4,5
2025-09-27,REF008,10,1
2025-12-20,REF017,7,3
2025-11-02,REF041,8,2
2026-04-04,REF041,4,2
2025-09-11,REF014,8,20
2026-01-24,REF028,4,20
2026-01-17,REF013,4,17
2026-03-26,REF041,2,7
2026-04-02,REF047,7,14
2025-10-24,REF018,1,15
2026-01-09,REF041,7,13
2025-12-30,REF038,10,11
2025-09-24,REF039,6,8
2025-07-02,REF009,9,16
2025-05-19,REF038,1,19
2026-05-09,REF031,5,16
2025-09-26,REF019,6,15
2025-06-26,REF006,5,19
2025-12-03,REF006,9,15
2025-10-01,REF007,4,1
2026-05-11,REF049,5,3
2025-10-26,REF047,10,14
2025-05-25,REF050,4,2
2026-04-11,REF036,9,13
2026-01-06,REF044,4,8
2025-08-23,REF013,9,10
2026-01-25,REF009,5,20
2026-03-16,REF031,6,17
2025-09-05,REF040,4,8
2026-04-08,REF001,2,14
2025-08-19,REF015,9,3
2025-07-28,REF045,7,9
2026-03-16,REF042,9,13
2025-09-02,REF035,6,3
2025-11-16,REF011,3,12
2025-06-05,REF040,5,18
2026-02-17,REF015,2,15
2026-03-08,REF034,7,9
2025-08-23,REF027,4,14
2026-04-14,REF040,1,17
2026-03-02,REF002,3,20
2025-06-05,REF020,8,11
2025-07-21,REF028,6,11
2025-10-02,REF002,2,17
2025-05-21,REF022,4,5
2025-07-26,REF019,4,4
2026-01-23,REF007,5,3
2026-04-30,REF026,7,16
2025-10-10,REF020,3,7
2025-09-11,REF019,4,3
2025-10-16,REF032,7,10
2025-10-26,REF048,6,16
2025-08-23,REF014,3,9
2026-01-12,REF007,1,7
2026-01-31,REF027,2,15
2026-02-11,REF036,9,3
2026-03-05,REF010,4,3
2025-08-31,REF008,3,3
2025-11-13,REF039,10,7
2026-04-22,REF016,10,19
2026-01-03,REF015,3,1
2025-11-23,REF041,7,4
2025-07-06,REF020,4,19
2025-10-21,REF012,8,20
2026-02-03,REF043,6,6
2025-09-13,REF039,8,17
2025-07-06,REF002,6,9
2025-11-21,REF002,8,9
2026-01-02,REF048,1,12
2025-05-24,REF049,6,16
2026-03-01,REF042,9,13
2025-09-28,REF018,10,12
2025-08-01,REF016,4,17
2025-09-01,REF037,1,9
2025-07-21,REF047,9,15
2025-09-28,REF008,1,16
2025-06-14,REF024,1,20
2025-11-15,REF001,6,17
2025-08-13,REF011,4,20
2025-10-23,REF018,2,15
2025-09-11,REF038,1,10
2025-11-09,REF041,2,18
2025-09-17,REF045,9,3
2026-02-01,REF048,5,14
2025-08-27,REF031,7,15
2025-10-09,REF025,6,13
2025-07-29,REF035,6,9
2026-05-11,REF027,5,1
2025-06-21,REF011,8,20
2025-10-31,REF032,5,12
2025-12-26,REF029,9,4
2026-02-12,REF034,6,1
2025-08-17,REF027,4,19
2026-05-18,REF047,8,15
2025-10-27,REF007,5,16
2025-06-22,REF015,1,9
2025-10-13,REF031,5,1
2025-10-01,REF025,8,17
2025-07-04,REF031,4,5
2025-09-23,REF031,5,18
2025-06-17,REF042,8,17
2025-10-08,REF016,7,1
2025-05-23,REF050,9,9
2026-01-16,REF033,5,7
2026-03-17,REF001,3,6
2025-09-27,REF040,3,20
2025-10-08,REF004,10,13
2025-10-11,REF027,5,20
2025-07-09,REF032,4,15
2025-05-31,REF039,3,12
2025-10-25,REF014,1,19
2025-06-26,REF017,1,18
2026-05-09,REF030,8,7
2026-04-25,REF029,10,1
2026-05-13,REF022,8,12
2025-10-31,REF015,10,19
2025-08-23,REF007,4,7
2025-10-18,REF023,2,17
2026-05-17,REF047,1,2
2025-06-19,REF038,2,1
2025-10-04,REF020,6,5
2025-09-03,REF044,9,14
2025-12-08,REF038,3,6
2025-09-11,REF036,3,2
2025-08-28,REF017,5,12
2026-02-17,REF038,10,19
2025-12-24,REF031,2,5
2026-05-06,REF010,7,11
2025-08-21,REF020,3,9
2025-07-10,REF047,5,20
2026-02-28,REF008,4,3
2025-09-30,REF019,4,13
2025-07-12,REF022,2,9
2025-12-19,REF022,10,12
2025-06-17,REF012,2,9
2025-07-05,REF020,7,7
2026-04-12,REF025,7,5
2025-08-02,REF003,8,5
2025-06-18,REF020,8,20
2025-09-23,REF007,10,20
2025-08-14,REF022,10,1
2026-04-09,REF017,10,16
2026-03-12,REF039,10,5
2025-07-18,REF024,4,15
2026-02-11,REF036,2,9
2025-06-24,REF045,6,10
2026-05-01,REF009,6,4
2025-09-04,REF047,10,16
2025-10-13,REF004,8,15
2025-12-13,REF012,2,2
2026-02-19,REF026,5,5
2025-11-04,REF013,5,17
2025-07-26,REF042,6,13
2025-09-09,REF049,10,6
2025-05-28,REF042,3,13
2026-02-12,REF047,1,1
2025-09-20,REF018,6,3
2025-12-30,REF039,6,6
2026-01-21,REF045,1,13
2025-05-28,REF038,10,11
2025-07-15,REF031,1,13
2025-12-06,REF005,1,10
2025-10-11,REF028,7,12
2026-03-01,REF049,9,18
2025-11-21,REF037,7,15
2025-11-14,REF048,9,20
2025-06-05,REF047,10,5
2026-04-18,REF049,10,20
2026-04-13,REF029,1,5
2025-05-20,REF047,8,6
2025-06-01,REF002,9,16
2025-07-06,REF029,4,5
2025-10-17,REF045,3,8
2026-05-06,REF050,3,11
2026-04-10,REF049,3,20
2025-11-10,REF012,10,8
2026-03-12,REF005,6,8
2025-10-03,REF002,5,16
2026-05-06,REF030,6,16
2026-04-20,REF047,8,13
2025-10-31,REF006,2,18
2025-06-09,REF017,7,11
2026-01-24,REF018,1,16
2025-08-31,REF039,2,15
2025-08-11,REF026,2,1
2026-03-10,REF016,4,9
2026-02-18,REF007,6,5
2025-11-08,REF036,2,6
2026-02-13,REF017,2,18
2025-09-08,REF014,5,1
2026-02-13,REF004,2,16
2026-01-29,REF039,4,9
2025-10-26,REF008,1,12
2026-04-01,REF032,5,3
2025-06-11,REF024,1,12
2025-09-07,REF038,1,11
2025-06-25,REF011,3,13
2025-12-21,REF005,7,3
2025-07-16,REF032,8,15
2025-06-28,REF006,3,12
2026-05-03,REF023,7,7
2025-08-28,REF004,1,10
2025-09-30,REF049,5,5
2025-06-13,REF023,10,8
2025-06-09,REF032,8,8
2025-11-21,REF019,5,2
2025-06-27,REF042,1,14
2025-09-10,REF017,7,19
2025-06-16,REF019,4,11
2025-12-24,REF043,8,11
2026-02-24,REF024,3,19
2026-03-07,REF002,9,10
2025-09-29,REF020,6,18
2025-06-21,REF014,3,6
2025-12-01,REF042,3,4
2025-08-25,REF003,1,5
2025-06-12,REF037,7,17
2026-03-23,REF030,4,17
2025-11-21,REF021,7,2
2026-01-21,REF016,1,4
2025-06-17,REF025,3,17
2025-06-28,REF018,2,12
2025-10-19,REF031,6,12
2026-04-08,REF040,8,16
2026-01-23,REF032,10,13
2025-08-12,REF028,4,5
2026-02-23,REF042,10,3
2025-06-04,REF033,6,17
2026-03-04,REF030,10,13
2026-01-18,REF027,8,19
2025-12-18,REF026,1,18
2025-08-30,REF009,10,10
2026-05-11,REF009,7,10
2025-10-06,REF001,5,13
2025-07-07,REF043,5,19
2025-09-29,REF034,1,11
2025-11-09,REF047,6,3
2025-12-27,REF023,2,17
2026-01-19,REF014,4,9
2025-11-26,REF041,9,2
2025-10-08,REF012,2,5
2026-02-25,REF048,1,9
2025-11-29,REF040,3,3
2025-09-04,REF020,2,19
2025-12-20,REF004,4,8
2026-01-22,REF042,10,6
2025-10-26,REF049,8,15
2025-07-16,REF034,5,5
2025-12-18,REF040,1,15
2025-09-02,REF017,8,19
2025-12-11,REF037,4,20
2025-12-06,REF049,6,13
2025-09-05,REF016,1,7
2025-08-16,REF049,1,17
2025-10-02,REF038,5,15
2025-11-22,REF014,7,15
2025-09-27,REF016,6,5
2025-05-22,REF007,7,8
2026-05-05,REF029,5,14
2025-06-22,REF017,2,2
2025-06-19,REF021,9,5
2026-01-13,REF031,10,11
2026-03-06,REF003,2,18
2025-06-29,REF023,3,7
2025-10-30,REF022,8,18
2026-02-27,REF007,4,4
2026-03-31,REF033,8,13
2025-10-01,REF013,10,13
2026-01-20,REF021,2,12
2025-09-26,REF013,7,12
2025-09-17,REF041,8,11
2026-03-28,REF027,2,20
2025-12-06,REF022,7,15
2025-10-14,REF042,2,12
2025-05-20,REF039,4,20
2026-05-18,REF036,5,3
2025-07-22,REF004,4,8
2025-11-27,REF008,10,1
2025-10-15,REF004,3,19
2025-09-11,REF005,5,1
2025-06-05,REF037,4,17
2026-01-10,REF026,1,11
2025-05-19,REF032,10,20
2025-06-10,REF028,6,6
2025-08-29,REF047,1,1
2025-06-11,REF013,1,18
2026-04-24,REF042,7,2
2025-06-03,REF041,6,1
2025-06-03,REF042,3,15
2025-12-10,REF022,10,11
2026-02-03,REF041,3,4
2026-01-29,REF047,6,17
2025-12-02,REF014,5,16
2025-07-06,REF046,4,5
2025-08-24,REF030,2,19
2026-04-16,REF023,8,12
2025-08-03,REF040,6,14
2026-04-16,REF034,9,7
2026-04-17,REF027,7,15
2025-09-24,REF029,4,10
2026-02-20,REF016,4,11
2025-08-30,REF050,3,11
2026-04-15,REF037,10,10
2025-06-13,REF034,2,8
2026-01-06,REF013,6,10
2025-06-10,REF002,9,12
2026-02-20,REF031,8,9
2026-03-05,REF045,1,3
2025-06-13,REF034,6,20
2025-08-28,REF024,10,15
2026-04-01,REF017,5,2
2025-06-13,REF043,9,12
2025-08-21,REF040,5,13
2026-03-08,REF013,5,3
2026-03-12,REF021,5,10
2025-09-28,REF034,6,5
2025-06-14,REF012,10,19
2025-06-16,REF048,4,20
2025-12-28,REF020,4,15
2025-11-22,REF021,6,17
2025-09-21,REF027,7,15
2025-06-26,REF026,6,14
2025-08-17,REF010,2,13
2025-07-24,REF033,10,13
2025-06-11,REF001,10,5
2025-08-05,REF006,10,7
2025-10-17,REF035,10,5
2026-04-10,REF049,10,18
2025-05-31,REF047,10,2
2025-07-10,REF019,5,15
2025-09-29,REF030,1,16
2026-02-25,REF011,5,17
2025-10-24,REF038,9,20
2026-01-21,REF015,9,13
2025-11-10,REF005,9,20
2025-10-25,REF007,2,6
2026-02-20,REF046,6,4
2026-04-14,REF035,3,19
2025-07-17,REF031,10,20
2025-07-03,REF044,2,13
2025-06-03,REF017,1,12
2025-10-28,REF034,9,3
2026-02-05,REF003,3,5
2025-09-10,REF027,1,16
2025-06-23,REF005,4,4
2026-04-20,REF035,8,7
2026-02-27,REF005,3,12
2025-08-06,REF013,6,11
2026-03-11,REF013,10,14
2025-08-17,REF035,3,20
2025-09-01,REF031,3,15
2025-12-06,REF035,3,18
2026-04-11,REF013,1,10
2026-03-20,REF025,10,10
2026-02-09,REF003,2,15
2026-01-28,REF008,2,8
2026-03-16,REF036,8,12
2025-07-26,REF045,4,2
2025-12-22,REF024,9,13
2025-11-15,REF018,3,19
2026-02-15,REF017,3,12
2026-01-24,REF026,3,5
2025-07-03,REF022,3,4
2025-06-09,REF025,2,10
2025-09-18,REF009,3,17
2025-12-24,REF034,8,16
2026-04-18,REF014,8,16
2025-07-06,REF022,10,14
2026-03-16,REF027,4,13
2025-06-19,REF012,4,9
2025-10-02,REF038,3,18
2025-11-07,REF023,5,10
2026-05-12,REF027,6,8
2026-01-21,REF014,5,19
2025-10-18,REF014,8,4
2025-05-27,REF047,5,12
2025-11-30,REF043,5,4
2026-01-14,REF029,6,2
2025-08-22,REF017,7,16
2025-11-18,REF036,7,5
2026-03-14,REF033,2,11
2026-03-18,REF050,8,4
2025-11-08,REF022,3,6
2025-08-11,REF046,7,8
2026-04-18,REF026,3,5
2025-10-15,REF046,2,20
2025-07-25,REF031,2,10
2026-04-12,REF003,8,19
2026-05-09,REF033,8,7
2026-03-05,REF020,2,3
2025-10-26,REF046,8,13
2026-03-31,REF024,1,6
2026-05-05,REF048,5,2
2025-07-29,REF013,10,16
2026-01-24,REF036,6,17
2025-07-16,REF043,1,13
2025-06-23,REF032,10,13
2025-12-26,REF008,10,10
2025-10-31,REF048,7,14
2025-05-31,REF046,1,8
2025-10-23,REF030,3,9
2025-11-12,REF049,10,19
2025-11-19,REF009,5,13
2025-08-24,REF050,8,4
2026-02-07,REF047,6,9
2025-06-26,REF007,1,12
2026-03-14,REF026,2,9
2025-06-29,REF041,4,17
2026-04-10,REF014,1,14
2026-04-18,REF016,1,11
2026-01-26,REF028,8,15
2025-08-04,REF013,7,17
2026-03-10,REF035,7,5
2025-11-05,REF012,8,11
2025-10-31,REF017,10,11
2025-11-09,REF028,3,19
2025-11-18,REF044,3,15
2025-11-05,REF043,4,1
2025-08-16,REF023,8,14
2026-02-14,REF049,9,20
2025-10-26,REF002,4,18
2025-08-11,REF025,2,2
2025-10-14,REF039,2,2
2026-05-05,REF003,9,12
2026-05-05,REF031,8,7
2025-07-23,REF005,6,5
2025-11-02,REF046,5,8
2025-12-18,REF043,7,14
2025-09-15,REF004,8,5
2025-07-02,REF025,4,19
2026-04-19,REF046,4,5
2025-07-18,REF016,2,16
2026-01-22,REF001,10,9
2025-11-09,REF001,3,17
2025-11-13,REF020,6,14
2026-01-17,REF046,8,19
2026-03-11,REF036,8,7
2025-12-23,REF042,5,12
2026-01-27,REF038,7,10
2026-05-04,REF021,3,6
2025-12-04,REF038,2,19
2026-02-15,REF018,2,5
2026-05-15,REF044,9,6
2025-12-30,REF003,1,6
2025-05-30,REF004,8,10
2025-11-22,REF018,8,20
2025-12-08,REF027,9,13
2025-11-07,REF030,2,4
2026-02-18,REF046,4,17
2025-08-29,REF039,3,8
2025-06-19,REF042,10,18
2025-11-19,REF009,9,1
2026-04-13,REF043,6,7
2026-03-04,REF024,4,6
2025-09-25,REF039,5,4
2026-03-06,REF010,6,11
2026-03-29,REF017,1,2
2025-06-05,REF030,6,13
2026-04-06,REF004,3,9
2026-03-24,REF001,4,9
2025-10-25,REF035,10,11
2025-07-26,REF016,9,8
2026-02-12,REF016,10,2
2026-02-09,REF034,3,5
2026-01-06,REF016,3,8
2025-06-28,REF023,4,14
2025-08-31,REF042,9,18
2025-07-09,REF035,3,11
2025-08-05,REF025,8,6
2026-05-03,REF033,4,3
2025-07-03,REF009,6,15
2025-12-09,REF018,6,12
2025-12-22,REF026,2,16
2026-05-18,REF024,3,4
2026-04-10,REF017,3,12
2026-03-17,REF046,10,9
2025-11-06,REF003,5,9
2026-04-24,REF012,10,12
2025-12-06,REF031,10,5
2025-11-10,REF048,5,15
2026-04-05,REF002,1,2
2026-05-06,REF007,7,1
2025-06-22,REF045,7,9
2026-03-05,REF017,9,6
2026-05-19,REF006,9,1
2026-05-02,REF001,6,11
2025-12-31,REF030,6,13
2025-07-05,REF006,7,1
2026-02-09,REF002,8,13
2026-04-01,REF049,2,2
2025-11-26,REF007,5,1
2025-07-18,REF006,6,11
2026-02-19,REF050,1,20
2026-04-19,REF005,1,3
2025-12-23,REF031,7,15
2026-02-16,REF010,1,6
2025-07-28,REF002,8,5
2026-02-12,REF037,4,17
2025-07-04,REF039,5,11
2025-09-01,REF013,5,4
2026-05-03,REF028,1,7
2025-09-23,REF003,6,18
2025-10-20,REF037,1,18
2025-10-12,REF027,10,12
2025-11-04,REF005,6,20
2025-12-15,REF028,2,13
2026-04-15,REF002,4,20
2025-09-27,REF036,8,2
2025-09-03,REF036,4,20
2026-03-21,REF011,8,17
2025-08-04,REF003,10,20
2026-05-14,REF008,10,16
2026-01-24,REF011,3,10
2026-01-05,REF024,1,3
2025-07-21,REF009,4,6
2026-05-13,REF007,8,14
2026-05-19,REF028,7,20
2026-01-23,REF024,6,12
2025-07-11,REF049,7,4
2025-09-16,REF025,9,18
2025-08-07,REF043,3,16
2026-05-14,REF041,3,3
2026-04-02,REF040,6,13
2026-02-16,REF047,6,15
2026-03-20,REF018,9,14
2025-09-06,REF041,5,8
2026-05-14,REF004,3,11
2025-10-30,REF050,4,14
2025-11-28,REF009,9,20
2025-07-16,REF038,10,20
2026-03-14,REF019,3,12
2025-10-28,REF008,7,16
2026-03-01,REF036,1,17
2025-07-21,REF023,3,2
2025-09-16,REF045,5,13
2026-03-23,REF017,5,20
2025-12-25,REF037,2,4
2025-08-06,REF002,7,11
2025-08-09,REF048,10,7
2025-07-25,REF022,4,5
2025-07-18,REF030,10,14
2025-07-04,REF048,3,20
2025-06-07,REF041,3,17
2025-11-24,REF043,5,17
2025-09-09,REF025,6,8
2026-03-24,REF032,5,5
2025-09-25,REF039,8,3
2025-12-21,REF031,2,2
2025-06-16,REF033,7,9
2025-09-11,REF049,6,7
2026-04-22,REF031,1,7
2025-06-01,REF048,5,9
2025-06-28,REF039,1,14
2025-10-17,REF038,9,7
2025-12-10,REF032,6,5
2026-01-13,REF008,10,4
2026-01-06,REF029,7,7
2025-09-15,REF050,7,12
2026-03-04,REF003,1,11
2026-04-24,REF020,7,8
2025-06-19,REF001,2,1
2026-01-25,REF045,2,19
2026-03-12,REF012,10,5
2025-05-24,REF010,10,15
2025-06-10,REF031,4,7
2026-03-17,REF028,8,8
2026-03-14,REF005,6,20
2025-07-18,REF008,9,10
2026-04-09,REF044,1,16
2025-07-03,REF002,3,10
2025-09-19,REF032,4,8
2025-11-12,REF024,8,2
2026-05-09,REF010,5,17
2026-02-18,REF049,8,12
2026-01-31,REF020,7,18
2026-04-20,REF035,4,18
2025-05-22,REF005,7,10
2025-07-19,REF030,4,8
2025-10-17,REF006,4,14
2026-04-15,REF008,1,9
2026-02-04,REF045,3,15
2026-03-01,REF043,8,13
2026-04-14,REF045,4,18
2025-10-05,REF006,10,10
2026-03-03,REF046,2,3
2025-09-04,REF026,3,5
2025-10-07,REF032,5,6
2025-07-10,REF015,2,2
2025-12-27,REF040,8,20
2026-03-03,REF023,9,4
2026-03-19,REF044,3,2
2025-08-23,REF007,6,4
2025-10-15,REF003,5,9
2025-08-26,REF007,1,17
2026-03-10,REF026,5,19
2025-12-07,REF003,5,7
2025-10-03,REF013,5,6
2025-08-27,REF044,10,12
2026-02-14,REF033,10,8
2025-06-05,REF036,6,10
2025-08-26,REF043,9,16
2026-02-02,REF041,5,14
2026-02-26,REF026,8,9
2026-01-11,REF015,8,19
2025-06-17,REF015,5,4
2025-07-29,REF032,1,7
2025-11-15,REF031,3,19
2025-10-23,REF045,9,14
2025-06-05,REF011,9,18
2025-06-06,REF003,2,19
2026-05-19,REF024,6,17
2026-04-18,REF034,1,12
2025-05-21,REF045,7,9
2025-09-10,REF046,9,13
2025-10-15,REF040,8,14
2026-04-03,REF015,10,3
2025-07-19,REF044,8,3
2025-10-21,REF024,5,3
2025-07-22,REF040,6,12
2025-07-21,REF034,7,3
2025-08-25,REF015,4,10
2025-11-18,REF022,8,11
2025-11-07,REF021,7,2
2025-10-16,REF046,5,17
2025-11-14,REF050,3,6
2025-12-05,REF037,3,10
2026-05-15,REF016,5,19
2025-08-22,REF030,4,9
2026-04-05,REF047,9,14
2026-05-18,REF003,5,19
2025-08-29,REF006,9,10
2025-11-25,REF012,10,19
2025-08-26,REF006,4,15
2026-02-07,REF012,4,15
2025-09-07,REF024,10,16
2025-09-18,REF041,4,2
2026-01-31,REF032,10,13
2025-08-28,REF019,2,8
2026-03-12,REF045,9,12
2025-10-13,REF043,10,3
2025-12-24,REF008,4,5
2025-05-31,REF007,1,2
2025-06-11,REF025,6,3
2025-12-19,REF050,3,11
2025-08-18,REF037,3,15
2025-10-23,REF023,4,12
2026-03-02,REF049,4,19
2025-05-31,REF027,6,9
2025-08-22,REF032,9,4
2026-03-14,REF034,1,7
2026-03-14,REF004,3,20
2025-12-31,REF018,6,1
2026-05-03,REF024,6,17
2025-09-06,REF037,6,11
2026-03-04,REF027,3,7
2025-05-30,REF005,7,6
2025-08-10,REF048,9,4
2026-05-13,REF027,2,8
2026-03-25,REF012,4,18
2026-03-24,REF050,1,7
2026-05-13,REF035,10,2
2026-02-02,REF047,1,13
2026-01-15,REF012,4,15
2025-11-05,REF012,2,3
2025-06-25,REF035,7,14
2026-04-20,REF018,3,9
2025-09-21,REF043,3,20
2026-05-06,REF040,7,4
2026-03-18,REF024,2,11
2025-07-01,REF029,8,5
2026-02-11,REF005,9,8
2025-06-22,REF011,8,16
2026-02-12,REF015,2,4
2025-06-07,REF015,1,3
2025-06-18,REF036,5,4
2025-06-02,REF036,5,13
2025-12-29,REF046,5,20
2025-12-01,REF041,10,7
2025-08-31,REF050,9,4
2025-08-02,REF012,1,13
2025-11-22,REF003,2,7
2025-09-08,REF048,4,11
2026-02-05,REF010,2,15
2025-06-15,REF035,10,18
2026-01-07,REF024,5,7
2025-11-02,REF020,2,3
2026-05-10,REF007,5,4
2025-12-25,REF016,3,20
2025-11-18,REF003,7,11
2026-02-19,REF047,6,20
2026-01-26,REF009,4,19
2025-08-14,REF003,9,20
2025-11-28,REF002,5,19
2026-04-20,REF029,1,17
2025-11-24,REF022,1,16
2025-06-18,REF006,7,20
2025-12-30,REF015,9,2
2026-03-03,REF039,7,4
2025-07-27,REF029,8,3
2026-01-16,REF038,3,14
2025-05-20,REF017,9,14
2025-05-20,REF034,4,16
2025-07-14,REF048,1,15
2026-03-20,REF006,6,19
2026-02-27,REF029,9,6
2025-09-05,REF038,4,13
2025-09-16,REF005,8,14
2026-03-05,REF025,8,9
2025-06-05,REF013,4,4
2026-04-18,REF002,6,3
2025-12-09,REF014,1,19
2026-05-06,REF042,2,8
2025-08-06,REF050,9,12
2025-10-13,REF012,4,9
2025-11-18,REF005,9,7
2026-01-20,REF004,3,20
2025-09-24,REF044,2,9
2025-10-23,REF043,3,6
2025-07-16,REF035,8,12
2025-12-31,REF038,4,1
2025-12-07,REF016,2,8
2025-06-27,REF042,2,10
2025-09-17,REF032,5,8
2025-08-13,REF025,10,8
2026-04-23,REF004,4,4
2025-12-11,REF008,6,20
2025-10-31,REF048,7,16
2025-08-31,REF038,10,11
2026-04-25,REF028,8,7
2026-04-18,REF036,7,11
2025-12-01,REF002,9,12
2025-06-09,REF003,5,18
2026-01-16,REF021,8,3
2025-09-12,REF020,4,3
2026-02-23,REF017,5,5
2026-02-15,REF012,2,3
2025-06-26,REF002,5,18
2025-09-18,REF036,6,13
2025-09-20,REF042,8,20
2025-07-04,REF009,8,3
2026-01-20,REF030,8,8
2026-04-04,REF044,2,17
2026-05-09,REF028,10,4
2026-01-19,REF021,8,5
2025-12-17,REF029,1,2
2026-01-11,REF042,3,13
2025-10-31,REF002,1,16
2025-05-23,REF016,8,7
2026-05-11,REF037,1,10
2025-11-09,REF001,7,15
2025-09-27,REF040,8,20
2025-07-26,REF005,9,18
2025-07-11,REF018,2,20
2026-03-29,REF044,4,19
2026-01-04,REF004,4,7
2025-09-17,REF029,5,10
2025-12-01,REF041,5,1
2026-05-09,REF039,5,18
2025-05-26,REF005,10,2
2026-05-07,REF004,8,17
2026-02-12,REF008,4,15
2026-02-27,REF033,9,20
2025-05-21,REF041,5,15
2026-04-11,REF021,3,7
2025-07-09,REF031,1,9
2026-01-24,REF024,10,16
2025-06-17,REF023,6,18
2026-01-08,REF043,9,14
2026-05-18,REF047,9,7
2025-07-04,REF029,7,5
2025-09-05,REF002,1,20
2025-10-19,REF024,8,15
2025-12-11,REF031,9,3
2025-09-26,REF002,6,14
2026-03-28,REF016,10,10
2025-09-30,REF004,10,8
2026-03-23,REF011,7,17
2026-01-04,REF037,9,10
2026-03-04,REF026,9,14
2026-04-23,REF008,8,10
2025-11-25,REF033,9,11
2026-02-14,REF042,7,8
2025-06-12,REF042,3,1
2026-04-15,REF034,9,19
2026-05-16,REF011,10,17
2025-06-03,REF032,2,11
2025-06-29,REF022,6,13
2026-05-08,REF030,4,16
2025-07-10,REF028,7,17
2025-10-02,REF003,7,12
2025-10-06,REF046,10,16
2025-10-26,REF011,7,5
2026-03-21,REF048,10,17
2025-07-23,REF031,5,8
2026-02-14,REF002,10,17
2025-10-07,REF002,5,7
2026-04-29,REF038,1,11
2025-07-08,REF029,8,12
2025-07-23,REF036,6,6
2026-05-07,REF030,1,14
2026-03-24,REF037,10,8
2026-03-05,REF007,1,8
2026-03-16,REF029,1,17
2025-10-25,REF043,10,10
2026-04-29,REF022,4,11
2025-09-07,REF006,3,8
2025-06-04,REF047,1,4
2025-07-18,REF034,8,18
2026-03-29,REF004,6,15
2025-07-15,REF012,10,2
2025-10-04,REF027,10,14
2025-09-13,REF027,1,10
2026-02-12,REF004,5,7
2025-08-19,REF013,1,13
2025-05-28,REF047,4,17
2025-11-15,REF003,2,14
2026-05-06,REF020,10,9
2025-12-13,REF011,6,15
2025-07-30,REF040,8,6
2026-04-12,REF043,9,5
2026-04-30,REF034,10,12
2025-09-19,REF003,1,3
2026-05-17,REF036,4,5
2026-02-02,REF047,2,12
2025-10-19,REF012,8,9
2026-02-04,REF033,4,12
2026-03-23,REF027,8,4
2025-10-17,REF028,9,17
2025-10-16,REF036,4,5
2025-08-08,REF035,10,8
2025-10-18,REF034,1,10
2026-05-15,REF044,7,12
2025-09-05,REF049,7,20
2025-11-26,REF049,5,6
2026-01-06,REF037,1,2
2025-07-12,REF012,1,5
2026-04-03,REF006,4,20
2026-02-16,REF029,1,15
2026-04-19,REF017,6,5
2026-02-04,REF025,10,16
2026-03-02,REF038,6,14
2025-06-10,REF013,6,12
2025-11-07,REF020,9,13
2025-10-28,REF011,5,5
2025-11-14,REF011,7,17
2025-11-14,REF008,5,10
2025-08-02,REF035,6,4
2025-12-03,REF018,6,4
2025-06-29,REF046,4,18
2026-03-15,REF008,2,5
2026-02-19,REF031,1,20
2026-04-18,REF025,5,13
2026-05-15,REF046,6,20
2025-07-01,REF012,2,12
2026-02-18,REF001,6,3
2025-07-20,REF005,6,18
2026-03-29,REF020,2,3
2026-04-19,REF033,8,5
2026-04-11,REF042,2,4
2025-06-29,REF045,2,10
2025-06-30,REF042,5,1
2025-08-24,REF008,6,12
2026-03-13,REF037,9,19
2025-10-05,REF009,1,3
2026-03-10,REF033,3,6
2026-02-24,REF037,6,7
2025-10-11,REF009,2,14
2025-06-15,REF021,4,19
2025-11-23,REF047,1,6
2025-07-27,REF007,10,11
2025-06-09,REF019,5,15
2025-11-07,REF037,7,8
2026-04-27,REF016,6,10
2025-11-04,REF009,3,18
2025-06-07,REF012,7,10
2026-02-11,REF040,9,8
2026-05-02,REF036,9,13
2025-08-31,REF030,5,7
2025-09-29,REF006,7,3
2026-05-03,REF010,5,15
2025-11-10,REF046,9,14
2025-12-31,REF026,7,14
2025-07-26,REF041,9,6
2025-12-27,REF043,10,19
2025-10-23,REF033,7,6
2026-01-30,REF043,10,2
2025-05-24,REF042,4,2
2026-04-29,REF032,3,12
2026-01-18,REF027,2,19
2026-01-15,REF008,8,6
2025-12-29,REF039,3,9
2025-07-04,REF036,3,6
2025-08-18,REF006,4,18
2025-06-23,REF050,6,15
2025-09-10,REF043,5,10
2026-05-01,REF002,10,2
2025-10-26,REF045,5,5
2025-06-26,REF025,7,11
2025-10-29,REF039,1,9
2026-03-23,REF013,9,20
2025-08-13,REF049,10,19
2025-12-16,REF039,4,11
2026-05-12,REF013,1,7
2025-12-13,REF018,4,18
2025-08-06,REF028,6,15
2025-10-26,REF024,6,4
2026-02-08,REF023,9,11
2025-08-02,REF031,5,15
2026-01-06,REF044,5,13
2026-03-13,REF040,2,13
2026-04-26,REF011,8,12
2025-12-13,REF048,5,6
2025-12-04,REF033,6,11
2025-07-23,REF027,4,2
2025-09-30,REF010,10,13
2025-07-30,REF009,1,9
2025-07-08,REF025,3,15
2025-10-05,REF045,2,1
2026-03-16,REF048,4,15
2026-01-05,REF046,3,9
2025-12-22,REF045,7,10
2025-10-14,REF041,7,11
2025-07-29,REF047,10,20
2026-03-17,REF018,3,7
2026-02-18,REF007,6,15
2025-07-04,REF007,1,4
2025-12-24,REF001,4,19
2025-09-01,REF035,2,5
2026-03-06,REF033,7,15
2026-05-14,REF019,10,16
2026-04-15,REF003,4,6
2025-06-30,REF012,1,15
2026-03-10,REF018,9,11
2025-10-04,REF015,10,9
2026-01-30,REF010,7,5
2026-02-18,REF026,10,18
2025-09-21,REF012,5,16
2026-05-13,REF007,3,6
2026-01-09,REF020,7,1
2025-05-21,REF049,4,14
2025-11-12,REF028,6,20
2025-10-17,REF036,7,11
2026-05-19,REF015,8,1
2025-06-26,REF050,1,17
2025-07-08,REF050,9,6
2025-09-24,REF022,5,9
2025-09-12,REF020,7,4
2025-09-09,REF034,8,17
2026-01-13,REF022,3,9
2026-02-17,REF031,2,7
2026-02-04,REF041,4,16
2026-01-29,REF050,10,16
2026-03-22,REF050,4,17
2025-09-08,REF031,7,20
2025-06-19,REF031,4,19
2026-02-22,REF016,5,5
2026-04-15,REF003,9,18
2025-10-18,REF021,6,4
2025-06-22,REF004,2,19
2025-06-16,REF001,2,13
2026-03-07,REF011,3,9
2026-02-22,REF026,2,18
2025-10-01,REF045,1,8
2025-09-05,REF017,3,11
2026-02-15,REF005,2,18
2026-01-02,REF023,1,13
2025-12-21,REF024,7,12
2025-08-15,REF010,8,20
2025-07-26,REF014,8,8
2025-11-15,REF022,10,20
2026-04-09,REF044,6,19
2025-06-24,REF042,10,19
2025-06-20,REF050,3,16
2025-11-10,REF038,8,11
2025-10-30,REF046,7,7
2025-05-26,REF020,9,7
2026-02-12,REF010,5,17
2025-09-24,REF049,8,10
2026-03-20,REF017,5,11
2025-09-01,REF012,4,20
2026-04-15,REF036,1,20
2026-04-02,REF028,6,5
2026-01-30,REF008,8,18
2025-05-25,REF028,3,13
2026-04-29,REF042,5,8
2026-03-20,REF001,6,15
2025-09-20,REF033,5,14
2025-05-21,REF002,4,16
2026-04-10,REF005,6,5
2026-04-09,REF013,4,15
2026-05-10,REF035,9,10
2025-05-21,REF009,1,14
2025-10-25,REF038,2,11
2026-03-14,REF003,8,3
2026-02-03,REF016,9,1
2026-04-07,REF012,8,12
2025-09-06,REF011,2,8
2025-09-13,REF018,10,13
2026-02-20,REF037,10,18
2025-10-02,REF049,10,17
2025-11-25,REF044,4,6
2025-12-07,REF024,9,10
2025-08-15,REF050,5,17
2026-04-17,REF036,3,5
2026-04-11,REF039,4,13
2025-06-27,REF049,2,14
2025-11-30,REF015,1,11
2026-01-02,REF045,3,11
2025-07-29,REF017,9,17
2025-06-06,REF024,2,3
2025-10-04,REF034,10,13
2025-09-06,REF036,2,12
2026-05-10,REF035,5,6
2025-11-16,REF036,7,20
2025-11-21,REF036,7,1
2026-02-27,REF003,8,18
2025-10-25,REF002,7,2
2025-07-28,REF039,6,20
2025-05-19,REF041,6,13
2026-03-28,REF021,4,20
2026-05-04,REF047,8,19
2025-09-05,REF038,7,20
2025-07-30,REF010,2,20
2025-10-01,REF026,2,3
2025-10-16,REF026,4,12
2026-02-08,REF047,1,1
2026-04-12,REF042,6,12
2026-04-19,REF031,4,13
2026-01-28,REF045,10,15
2026-03-29,REF038,1,14
2025-06-19,REF013,6,16
2025-12-20,REF050,8,2
2026-05-18,REF030,5,4
2026-05-05,REF040,8,18
2025-06-05,REF014,5,10
2025-10-12,REF031,8,6
2026-04-11,REF029,2,11
2025-09-02,REF027,6,7
2026-02-23,REF013,10,3
2026-01-02,REF023,1,11
2025-07-05,REF040,1,11
2025-10-21,REF009,4,13
2026-01-17,REF019,8,7
2026-04-09,REF011,3,9
2026-03-03,REF019,4,10
2025-06-14,REF028,3,1
2025-06-04,REF038,5,6
2025-05-26,REF019,8,7
2026-04-24,REF047,5,12
2026-01-27,REF021,3,10
2026-03-04,REF025,3,6
2025-11-03,REF009,2,13
2026-02-23,REF008,10,14
2025-11-10,REF003,2,8
2025-09-02,REF028,3,17
2026-03-03,REF050,8,18
2025-10-30,REF028,8,12
2025-11-26,REF031,6,10
2025-11-24,REF003,10,20
2025-11-19,REF022,5,12
2026-05-09,REF012,4,6
2025-08-08,REF002,2,16
2026-03-27,REF035,10,17
2025-07-27,REF019,7,3
2025-09-18,REF008,1,4
2025-10-04,REF003,4,1
2025-05-22,REF040,2,5
2025-09-24,REF015,8,7
2025-07-29,REF049,1,15
2025-09-10,REF013,9,4
2025-12-02,REF016,3,4
2025-12-26,REF027,2,6
2025-11-27,REF047,9,6
2025-11-08,REF001,1,9
2026-02-04,REF012,1,16
2025-09-14,REF030,9,11
2025-10-14,REF045,7,18
2025-11-07,REF032,6,13
2026-04-08,REF039,5,11
2025-09-09,REF038,5,1
2025-12-15,REF046,1,7
2025-05-20,REF015,10,6
2025-08-20,REF026,9,19
2025-08-05,REF021,6,17
2026-05-14,REF015,7,8
2025-11-19,REF012,8,12
2025-09-07,REF019,8,8
2025-12-15,REF020,2,9
2026-02-25,REF049,6,19
2026-02-26,REF026,1,8
2025-09-17,REF003,7,19
2025-11-13,REF045,9,19
2025-08-09,REF042,5,7
2026-02-02,REF022,2,10
2025-07-27,REF050,8,1
2026-04-20,REF012,4,8
2025-09-26,REF040,6,20
2025-08-05,REF040,8,1
2025-07-25,REF012,7,1
2026-03-11,REF011,5,20
2025-11-09,REF028,8,5
2026-05-14,REF003,9,9
2025-10-29,REF046,9,9
2025-12-12,REF002,2,14
2025-05-22,REF018,9,18
2025-05-30,REF043,10,9
2026-05-11,REF037,7,4
2025-10-14,REF009,7,17
2026-05-04,REF038,10,10
2026-04-28,REF035,2,9
2026-03-12,REF024,3,17
2025-11-09,REF013,4,8
2026-05-18,REF034,7,17
2025-10-01,REF010,7,6
2025-11-01,REF042,7,19
2025-10-15,REF012,2,15
2025-07-02,REF030,1,6
2025-09-13,REF038,3,19
2025-09-27,REF016,7,4
2026-05-10,REF036,10,9
2026-01-09,REF017,6,17
2025-10-22,REF030,8,20
2026-04-30,REF003,2,2
2025-06-13,REF047,5,5
2025-11-13,REF037,7,16
2025-08-14,REF032,1,1
2025-07-07,REF035,6,8
2026-04-12,REF042,10,12
2026-05-16,REF019,1,9
2025-12-21,REF017,1,11
2025-10-07,REF028,1,15
2025-07-22,REF021,8,19
2025-07-07,REF027,1,13
2026-01-08,REF025,9,6
2026-03-01,REF014,7,15
2026-03-05,REF044,10,9
2025-11-01,REF034,7,18
2025-12-03,REF009,6,15
2026-01-17,REF018,8,1
2025-10-25,REF049,9,5
2026-04-20,REF046,8,13
2026-01-12,REF050,3,1
2026-04-17,REF001,2,15
2025-07-12,REF025,1,4
2025-05-30,REF027,6,10
2025-11-15,REF002,10,8
2025-07-30,REF006,2,4
2025-08-20,REF022,6,8
2025-10-19,REF044,10,8
2025-06-02,REF041,8,15
2025-12-13,REF009,10,10
2025-11-02,REF027,7,16
2025-06-08,REF047,6,16
2025-12-04,REF047,6,11
2025-10-04,REF008,4,7
2026-01-11,REF043,4,19
2025-07-21,REF025,1,18
2026-03-14,REF015,4,6
2025-11-07,REF018,8,7
2026-01-02,REF038,8,13
2026-02-13,REF022,7,7
2026-03-20,REF028,6,12
2025-10-17,REF014,8,20
2026-01-03,REF022,5,8
2025-10-04,REF046,5,3
2025-09-26,REF004,2,19
2026-03-13,REF003,1,15
2025-07-21,REF009,7,8
2025-09-06,REF001,5,7
2026-03-20,REF012,10,1
2025-11-16,REF037,5,20
2025-12-03,REF013,8,14
2025-12-08,REF040,1,20
2025-08-14,REF015,4,17
2025-06-16,REF001,9,3
2026-05-10,REF012,8,9
2025-09-12,REF034,5,6
2026-02-06,REF003,1,8
2025-10-19,REF020,9,2
2026-03-12,REF025,5,14
2026-02-11,REF047,9,5
2026-04-18,REF009,2,15
2026-04-29,REF040,9,9
2025-07-02,REF024,8,10
2026-03-18,REF013,5,6
2025-07-11,REF010,4,8
2025-07-09,REF023,7,4
2025-09-24,REF002,3,10
2025-12-08,REF033,6,18
2026-01-12,REF035,3,2
2026-01-07,REF026,1,1
2025-09-06,REF033,1,14
2025-11-26,REF023,1,20
2025-10-10,REF001,10,11
2025-05-23,REF034,3,15
2025-05-28,REF037,8,7
2025-09-02,REF010,3,9
2025-07-18,REF029,1,14
2025-11-12,REF021,6,2
2026-04-11,REF021,6,17
2026-04-24,REF043,2,14
2025-08-01,REF025,3,6
2025-09-19,REF045,1,17
2025-12-21,REF001,7,3
2025-07-05,REF046,2,3
2026-04-14,REF021,4,2
2026-03-05,REF045,3,9
2025-08-02,REF023,8,19
2025-08-09,REF028,9,12
2026-03-04,REF004,3,11
2025-10-04,REF038,2,11
2026-02-19,REF032,7,5
2025-07-16,REF046,7,10
2025-10-01,REF018,3,12
2025-07-01,REF004,8,11
2025-06-29,REF012,6,14
2025-07-20,REF050,10,14
2025-08-09,REF050,9,20
2026-01-16,REF001,1,19
2025-06-01,REF007,7,10
2026-04-03,REF014,6,19
2025-09-14,REF045,10,7
2025-11-20,REF020,8,10
2026-05-15,REF006,9,8
2025-12-11,REF025,7,18
2025-07-19,REF033,3,1
2026-04-26,REF003,6,15
2025-12-17,REF007,9,20
2025-09-21,REF009,6,11
2025-05-26,REF008,8,12
2026-04-10,REF030,1,1
2026-03-19,REF017,1,1
2025-12-28,REF014,5,18
2026-02-24,REF016,8,5
2026-03-16,REF015,7,15
2026-01-15,REF038,1,10
2025-10-28,REF010,1,12
2026-01-20,REF033,4,19
2026-01-26,REF017,8,6
2026-02-02,REF044,5,7
2025-09-27,REF008,10,13
2026-02-26,REF034,5,19
2025-10-16,REF001,10,2
2026-05-07,REF030,9,20
2025-10-28,REF003,7,9
2026-04-08,REF025,7,3
2026-03-31,REF002,9,5
2026-01-02,REF035,6,4
2026-03-24,REF040,1,20
2026-05-02,REF050,3,7
2026-02-26,REF017,6,4
2026-02-20,REF026,2,14
2026-01-30,REF010,6,6
2025-10-25,REF018,5,6
2026-04-20,REF014,8,7
2025-08-11,REF010,9,15
2025-11-26,REF031,4,6
2025-09-07,REF014,7,2
2025-09-28,REF012,9,17
2026-04-29,REF007,8,15
2025-07-24,REF009,1,5
2025-11-11,REF045,1,18
2026-03-02,REF018,6,4
2026-01-31,REF044,4,2
2025-06-18,REF009,7,20
2025-11-13,REF028,9,3
2025-09-23,REF023,9,20
2025-10-16,REF050,5,10
2026-03-09,REF010,3,9
2026-02-21,REF007,2,1
2025-10-12,REF020,10,15
2025-09-02,REF033,10,14
2026-03-27,REF012,2,12
2025-06-30,REF033,3,15
2026-05-15,REF026,6,5
2025-10-24,REF013,8,9
2025-06-12,REF047,2,5
2025-09-18,REF020,3,2
2025-09-18,REF012,5,10
2026-04-17,REF011,4,12
2026-03-30,REF006,4,8
2026-02-20,REF038,10,18
2026-02-02,REF035,9,7
2025-06-22,REF036,7,7
2025-08-06,REF045,5,4
2026-03-14,REF021,4,2
2025-12-03,REF043,6,6
2025-10-16,REF016,6,20
2026-04-23,REF034,4,20
2026-03-25,REF005,5,16
2025-11-29,REF017,1,5
2025-08-06,REF048,3,12
2025-08-20,REF047,6,8
2026-03-23,REF033,9,3
2025-09-13,REF046,6,16
2025-12-09,REF020,8,7
2025-06-07,REF003,4,1
2026-05-07,REF046,4,14
2025-05-25,REF041,5,1
2026-04-26,REF029,10,19
2025-07-04,REF024,3,11
2025-11-21,REF049,7,8
2025-07-05,REF007,9,10
2025-12-24,REF026,3,3
2026-02-26,REF044,10,2
2025-07-20,REF007,3,18
2025-10-02,REF016,5,13
2026-04-01,REF003,5,5
2025-10-08,REF047,4,12
2025-05-31,REF008,4,8
2026-02-02,REF035,9,9
2026-05-05,REF034,1,10
2026-03-10,REF029,7,11
2026-01-09,REF020,1,16
2025-07-25,REF013,9,15
2025-08-18,REF012,5,9
2025-12-11,REF010,8,3
2025-05-21,REF042,2,14
2026-01-14,REF048,4,15
2026-03-27,REF037,10,11
2026-01-30,REF040,6,16
2025-08-24,REF002,9,1
2025-11-05,REF009,5,19
2025-07-28,REF035,3,14
2025-06-14,REF037,3,7
2026-04-27,REF022,6,19
2025-10-08,REF001,3,7
2026-01-13,REF001,10,17
2026-05-05,REF010,6,19
2026-01-31,REF003,5,1
2026-02-16,REF012,9,9
2026-02-24,REF007,10,5
2026-05-13,REF042,6,6
2025-05-23,REF019,4,4
2025-06-29,REF048,2,2
2026-02-27,REF048,5,10
2026-04-17,REF004,10,13
2026-03-27,REF047,2,17
2026-01-10,REF038,4,3
2026-02-17,REF031,2,10
2025-05-28,REF025,1,10
2025-07-12,REF016,7,10
2026-04-03,REF046,5,4
2026-03-23,REF041,5,7
2025-12-18,REF040,1,10
2026-01-27,REF019,6,7
2026-02-08,REF039,4,11
2026-04-15,REF029,4,5
2025-10-03,REF050,10,4
2025-12-31,REF012,3,9
2025-09-14,REF002,1,9
2026-02-23,REF047,4,18
2025-08-14,REF044,6,19
2025-12-04,REF043,9,20
2025-06-16,REF044,5,7
2025-11-21,REF025,6,11
2025-12-18,REF045,3,2
2025-05-24,REF016,1,14
2026-04-19,REF008,10,5
2025-07-16,REF005,4,5
2025-12-17,REF037,7,4
2025-07-02,REF035,1,8
2025-07-20,REF046,10,6
2025-12-11,REF009,8,7
2025-11-06,REF047,7,3
2025-11-02,REF042,3,14
2026-03-05,REF013,1,9
2025-06-29,REF011,2,5
2026-02-07,REF047,5,2
2026-01-29,REF022,10,15
2026-02-12,REF023,2,4
2026-03-06,REF013,3,19
2025-08-12,REF007,6,14
2026-01-30,REF024,3,10
2025-10-12,REF022,10,5
2026-03-26,REF017,7,3
2026-02-07,REF046,7,8
2025-07-20,REF030,4,1
2025-08-24,REF005,8,8
2026-02-01,REF042,1,2
2025-12-04,REF026,7,4
2026-05-09,REF010,7,9
2026-02-09,REF020,8,5
2025-11-14,REF010,7,4
2026-05-13,REF009,2,18
2025-11-01,REF023,9,9
2026-03-21,REF019,7,13
2025-10-16,REF021,4,8
2025-09-01,REF039,10,15
2026-01-31,REF013,10,4
2025-05-20,REF017,6,2
2025-09-30,REF048,4,10
2026-05-09,REF003,6,4
2025-07-29,REF048,2,15
2025-12-03,REF037,7,5
2025-09-30,REF038,10,2
2025-06-27,REF024,8,20
2025-09-13,REF010,2,19
2025-11-04,REF031,9,12
2026-03-17,REF021,8,20
2026-02-04,REF041,3,2
2026-03-10,REF008,4,10
2025-06-18,REF001,1,11
2025-10-06,REF019,6,9
2025-06-01,REF041,8,6
2025-11-10,REF013,4,5
2025-06-09,REF027,6,2
2026-02-20,REF046,8,20
2025-12-02,REF041,9,5
2026-04-14,REF022,2,14
2026-05-17,REF005,6,12
2025-07-23,REF003,10,5
2026-03-22,REF016,1,4
2026-01-11,REF011,1,14
2025-10-16,REF019,5,13
2025-11-20,REF030,10,20
2025-10-21,REF004,2,16
2026-04-07,REF019,1,11
2026-01-10,REF041,9,15
2025-10-19,REF007,7,11
2026-03-16,REF041,10,16
2025-08-08,REF030,3,15
2025-11-07,REF028,1,15
2025-06-08,REF012,9,9
2025-07-13,REF015,3,1
2026-02-07,REF050,8,20
2025-09-26,REF004,8,12
2025-06-13,REF040,3,15
2025-10-27,REF005,4,7
2025-10-29,REF030,9,16
2025-07-09,REF010,6,5
2025-08-04,REF046,6,19
2025-10-28,REF025,6,1
2026-02-06,REF001,1,5
2025-07-19,REF013,3,3
2026-01-11,REF006,1,19
2025-07-05,REF038,1,19
2026-04-11,REF005,9,15
2025-11-03,REF022,7,19
2026-04-05,REF024,9,15
2026-02-05,REF012,2,19
2026-01-04,REF022,7,17
2025-08-12,REF045,4,5
2025-08-07,REF023,10,12
2025-08-01,REF026,8,13
2025-10-20,REF012,1,4
2026-04-05,REF029,6,19
2025-12-23,REF041,5,12
2025-10-17,REF005,8,14
2025-08-08,REF047,1,17
2025-08-24,REF039,4,14
2025-09-20,REF014,8,11
2026-01-07,REF015,7,20
2025-09-08,REF006,1,14
2025-11-01,REF001,9,10
2026-04-09,REF037,5,1
2026-01-01,REF001,1,12
2026-05-06,REF015,9,16
2026-01-21,REF045,3,2
2025-08-26,REF048,7,3
2025-08-15,REF010,7,8
2026-03-20,REF048,7,14
2025-11-08,REF044,4,4
2026-01-28,REF024,3,2
2026-04-29,REF032,10,11
2026-01-21,REF026,8,7
2026-02-28,REF009,3,6
2025-12-18,REF015,3,6
2025-11-17,REF036,5,20
2025-06-01,REF006,6,3
2025-10-30,REF030,4,1
2026-02-18,REF035,5,9
2025-05-25,REF015,10,12
2025-10-25,REF020,10,15
2026-03-31,REF033,10,9
2025-07-09,REF039,6,4
2025-11-17,REF002,6,2
2025-09-09,REF011,1,9
2025-09-16,REF036,9,12
2026-02-13,REF016,9,5
2026-03-01,REF030,7,16
2026-04-28,REF050,8,2
2025-07-22,REF017,5,16
2026-05-05,REF019,7,6
2025-11-13,REF036,7,3
2026-01-15,REF041,4,4
2025-10-20,REF047,4,1
2026-02-06,REF027,3,11
2025-09-15,REF006,7,4
2026-04-26,REF014,4,7
2025-11-03,REF009,7,14
2026-05-10,REF037,3,9
2025-09-07,REF041,5,13
2025-12-14,REF039,3,17
2026-04-10,REF028,1,17
2026-01-23,REF013,4,15
2025-06-23,REF013,6,2
2025-09-06,REF044,5,18
2025-08-09,REF023,5,19
2025-11-13,REF026,5,10
2026-04-16,REF031,2,1
2025-08-18,REF011,1,11
2026-03-22,REF033,3,16
2025-11-24,REF050,7,12
2025-12-07,REF019,2,18
2026-02-19,REF009,10,7
2026-02-13,REF044,6,3
2025-09-10,REF044,7,18
2025-10-28,REF021,6,2
2025-07-29,REF043,9,18
2025-10-01,REF014,3,10
2026-04-21,REF012,10,3
2025-06-08,REF009,10,17
2025-06-24,REF036,9,6
2026-04-16,REF041,10,19
2025-09-28,REF020,3,10
2025-10-20,REF024,5,9
2025-08-09,REF035,4,11
2025-12-12,REF015,4,4
2025-09-05,REF029,10,4
2026-03-05,REF010,8,18
2025-06-30,REF034,6,1
2025-06-27,REF014,2,7
2025-08-17,REF008,6,20
2026-01-03,REF034,3,18
2026-04-21,REF017,9,10
2025-10-17,REF039,5,11
2025-08-17,REF028,8,17
2026-03-09,REF023,7,14
2025-12-28,REF050,9,18
2026-03-21,REF022,9,3
2025-08-16,REF023,8,19
2026-01-14,REF011,3,15
2026-04-11,REF037,4,8
2026-03-04,REF007,4,5
2026-03-25,REF010,1,8
2025-10-31,REF021,10,12
2025-06-14,REF034,6,3
2025-11-13,REF009,3,8
2026-03-02,REF023,5,7
2026-01-29,REF035,1,19
2026-05-16,REF001,6,17
2025-10-25,REF011,6,10
2026-01-31,REF039,6,5
2025-11-08,REF034,7,20
2025-05-23,REF049,3,3
2026-03-19,REF021,8,19
2026-01-31,REF016,8,20
2025-08-01,REF017,5,1
2026-03-11,REF016,7,13
2025-09-09,REF016,1,9
2025-06-22,REF016,5,19
2025-07-02,REF012,7,4
2026-05-13,REF041,1,8
2025-07-15,REF045,5,2
2025-06-04,REF015,9,13
2025-11-12,REF020,2,15
2025-08-03,REF008,5,2
2026-05-10,REF039,9,20
2025-08-29,REF033,9,20
2025-12-25,REF015,1,1
2025-10-25,REF040,6,2
2026-01-08,REF026,3,18
2026-04-07,REF014,1,18
2025-10-31,REF018,10,3
2026-02-07,REF015,10,16
2025-11-14,REF012,9,17
2026-04-07,REF032,4,20
2025-07-12,REF047,9,1
2026-05-07,REF007,6,15
2026-02-17,REF038,5,13
2025-10-27,REF043,2,5
2025-08-25,REF024,9,11
2026-04-18,REF046,10,18
2025-09-18,REF041,9,12
2025-11-19,REF036,4,13
2026-02-03,REF005,3,8
2025-07-13,REF011,2,10
2025-09-10,REF024,10,15
2026-03-30,REF039,3,14
2025-09-18,REF003,10,6
2025-07-22,REF008,2,1
2025-06-08,REF046,7,11
2025-06-06,REF004,7,7
2025-10-10,REF001,8,2
2025-05-29,REF016,3,2
2026-03-01,REF040,2,14
2025-07-27,REF013,1,13
2026-05-02,REF008,9,2
2026-03-01,REF012,5,19
2026-02-26,REF022,8,3
2025-06-08,REF039,6,8
2025-07-26,REF015,10,10
2025-11-05,REF018,5,4
2025-05-22,REF030,3,7
2025-05-24,REF040,1,13
2025-08-12,REF007,8,14
2026-03-23,REF028,6,1
2025-12-12,REF040,5,15
2025-09-01,REF015,10,19
2025-07-05,REF030,1,2
2025-11-29,REF017,5,13
2025-06-08,REF048,3,19
2025-05-19,REF034,7,18
2025-11-07,REF004,6,19
2026-02-08,REF019,7,9
2026-01-12,REF025,2,9
2025-07-13,REF003,10,6
2025-12-31,REF017,8,1
2025-10-28,REF013,6,15
2025-10-24,REF026,8,9
2025-06-17,REF002,4,13
2026-04-17,REF015,4,11
2025-08-10,REF047,9,15
2025-06-28,REF042,6,15
2025-10-08,REF022,6,19
2026-04-08,REF034,1,8
2025-09-17,REF004,1,9
2025-07-23,REF033,9,17
2025-07-10,REF032,1,8
2025-11-12,REF026,4,14
2026-01-26,REF001,2,9
2025-07-26,REF039,7,10
2025-09-15,REF014,8,16
2025-12-06,REF030,3,7
2026-05-17,REF020,1,17
2026-03-15,REF044,3,10
2026-01-29,REF016,5,3
2025-08-11,REF013,1,3
2026-04-06,REF022,8,9
2026-04-25,REF020,6,11
2026-04-01,REF007,8,11
2026-03-13,REF049,10,11
2025-10-01,REF031,1,14
2025-08-02,REF048,8,2
2026-02-23,REF047,3,3
2025-10-10,REF039,5,8
2025-08-23,REF010,4,6
2025-09-23,REF019,8,2
2025-05-22,REF040,4,18
2025-09-24,REF034,10,20
2026-01-02,REF022,5,11
2026-04-30,REF033,5,4
2025-12-10,REF046,1,17
2025-08-21,REF049,9,5
2026-02-01,REF030,4,13
2025-10-13,REF037,4,19
2025-06-24,REF001,6,4
2025-06-18,REF045,7,14
2026-04-21,REF005,1,10
2025-07-16,REF043,4,15
2025-07-11,REF005,9,11
2026-02-15,REF037,9,6
2025-08-27,REF021,8,18
2026-03-20,REF022,10,11
2026-02-28,REF050,3,19
2026-02-10,REF041,6,11
2026-01-29,REF046,6,5
2026-04-01,REF036,1,14
2025-08-15,REF045,5,16
2026-02-20,REF004,6,19
2025-06-12,REF014,2,6
2025-05-30,REF034,2,9
2026-05-09,REF037,9,1
2025-10-19,REF037,6,10
2025-10-04,REF030,3,13
2026-04-18,REF039,2,1
2025-12-17,REF024,2,10
2025-11-18,REF020,2,2
2026-04-06,REF038,4,12
2025-09-10,REF041,8,12
2025-09-09,REF017,4,15
2025-07-29,REF050,7,19
2025-12-24,REF017,1,11
2025-11-30,REF046,10,1
2026-03-18,REF020,8,1
2026-04-30,REF036,7,19
2025-10-22,REF020,6,17
2026-02-25,REF015,4,3
2025-12-18,REF023,2,20
2025-07-12,REF026,10,15
2025-10-23,REF030,1,2
2025-08-02,REF047,4,4
2025-11-12,REF025,8,14
2025-09-25,REF005,10,13
2026-04-12,REF014,8,10
2025-11-06,REF034,1,9
2025-07-01,REF029,1,9
2025-06-18,REF029,6,3
2025-06-23,REF014,4,6
2025-08-25,REF039,6,8
2025-07-10,REF004,4,5
2025-06-30,REF026,2,13
2025-10-06,REF032,1,15
2026-01-04,REF046,3,8
2026-01-25,REF021,10,11
2025-09-12,REF008,10,9
2026-01-29,REF010,4,9
2025-08-10,REF009,6,2
2025-10-11,REF049,5,6
2026-05-03,REF014,7,14
2026-05-02,REF005,3,17
2025-07-08,REF009,7,1
2026-04-18,REF044,7,3
2025-09-10,REF048,8,5
2025-08-10,REF014,2,15
2025-11-07,REF050,1,2
2026-03-05,REF004,6,9
2025-12-08,REF042,2,6
2025-06-15,REF036,3,1
2026-04-08,REF012,9,9
2025-08-20,REF004,7,6
2025-12-02,REF046,9,4
2026-02-28,REF008,10,2
2025-09-26,REF044,6,4
2026-04-20,REF025,3,2
2026-02-11,REF001,4,7
2025-06-16,REF004,9,8
2026-02-24,REF035,1,10
2025-06-14,REF023,8,18
2026-04-19,REF039,6,19
2026-04-20,REF010,4,4
2025-10-01,REF001,2,3
2025-11-17,REF001,2,5
2025-10-27,REF023,7,10
2026-01-19,REF040,2,19
2026-02-23,REF002,10,20
2025-10-22,REF048,7,16
2025-11-02,REF014,7,2
2025-10-02,REF014,4,19
2025-05-25,REF042,4,2
2026-05-04,REF008,7,3
2026-01-02,REF044,8,7
2025-08-27,REF002,9,11
2026-03-19,REF001,4,13
2025-09-26,REF020,1,14
2025-07-02,REF036,10,2
2025-10-05,REF049,2,13
2026-04-19,REF003,5,15
2026-03-30,REF044,3,1
2026-04-10,REF039,10,1
2026-04-06,REF031,4,6
2025-08-10,REF028,9,10
